CustomerId,Exited
15601012,0.95
15734762,0.84
15586757,0.18
15590888,0.31
15726087,0.41
15769504,0.13
15801832,0.59
15632826,0.01
15794413,0.07
15677117,0.03
15686999,0.12
15588350,0.36
15713354,0.21
15750772,0.21
15628824,0.23
15631681,0.23
15763218,0.2
15743538,0.02
15807194,0.05
15717231,0.24
15762110,0.05
15638424,0.06
15609804,0.01
15762091,0.45
15614847,0.27
15609299,0.06
15643967,0.15
15701741,0.17
15575409,0.2
15620751,0.03
15712303,0.19
15571305,0.25
15617082,0.05
15734438,0.0
15660422,0.0
15758056,0.01
15647546,0.19
15799932,0.0
15669253,0.08
15591010,0.63
15810711,0.04
15798470,0.79
15668575,0.67
15728829,0.15
15628144,0.21
15777452,0.32
15680421,0.33
15718673,0.08
15735106,0.01
15574072,0.37
15600583,0.06
15658969,0.74
15713378,0.02
15689061,0.26
15655794,0.0
15603203,0.07
15670029,0.03
15744913,0.03
15774630,0.56
15694566,0.3
15650244,0.06
15701376,0.02
15593365,0.06
15603465,0.35
15668889,0.84
15642160,0.09
15608338,0.87
15658577,0.75
15723105,0.18
15661656,0.01
15586970,0.41
15700549,0.06
15669782,0.47
15715939,0.05
15679663,0.03
15754168,0.28
15638068,0.0
15755722,0.07
15580068,0.01
15737647,0.64
15624595,0.06
15697270,0.11
15588449,0.08
15696744,0.2
15759456,0.04
15606133,0.02
15779182,0.59
15732281,0.37
15590810,0.49
15700325,0.07
15681220,0.01
15609676,0.17
15699523,0.73
15691647,0.05
15722611,0.72
15678427,0.08
15756824,0.52
15578747,0.02
15727811,0.8
15702337,0.02
15571476,0.11
15682639,0.01
15804864,0.02
15626156,0.05
15808389,0.23
15568573,0.59
15630641,0.15
15617507,0.07
15743456,0.13
15668347,0.01
15661936,0.22
15777067,0.2
15789753,0.07
15677871,0.04
15659475,0.14
15720338,0.12
15720110,0.11
15730394,0.13
15743673,0.02
15681705,0.0
15745030,0.33
15668032,0.1
15726960,0.01
15672756,0.06
15762928,0.38
15707011,0.49
15681671,0.08
15772781,0.82
15575410,0.16
15646082,0.15
15807433,0.17
15766575,0.83
15660316,0.31
15776518,0.34
15773779,0.17
15666163,0.23
15680706,0.6
15771442,0.0
15687270,0.2
15702566,0.04
15796370,0.09
15624293,0.5
15603135,0.79
15725679,0.67
15586880,0.19
15638803,0.03
15691875,0.28
15607874,0.04
15641389,0.42
15783477,0.33
15725039,0.05
15580203,0.16
15650432,0.24
15698786,0.28
15691483,0.04
15726490,0.19
15612832,0.03
15681316,0.09
15626710,0.09
15692575,0.1
15573452,0.48
15765375,0.56
15768387,0.03
15752885,0.19
15698619,0.01
15670427,0.09
15686743,0.04
15636634,0.1
15712930,0.16
15690589,0.32
15776047,0.06
15778157,0.04
15611644,0.12
15768530,0.02
15688713,0.21
15632521,0.47
15581620,0.23
15627881,0.0
15712813,0.83
15620735,0.1
15583067,0.04
15743076,0.02
15754569,0.08
15653620,0.05
15597394,0.06
15776733,0.4
15583764,0.16
15632503,0.15
15671322,0.16
15756301,0.19
15730793,0.42
15806941,0.18
15759317,0.07
15749807,0.07
15620832,0.09
15715078,0.01
15802207,0.25
15572050,0.72
15803078,0.06
15677087,0.15
15569641,0.6
15799635,0.81
15605276,0.01
15620323,0.17
15791302,0.0
15667633,0.08
15619898,0.15
15634375,0.04
15602043,0.4
15786215,0.42
15593773,0.0
15813163,0.24
15613463,0.32
15773503,0.01
15698324,0.04
15742504,0.04
15686461,0.21
15606115,0.43
15751774,0.37
15670345,0.35
15806486,0.28
15755642,0.01
15801934,0.07
15807593,0.29
15784687,0.07
15624596,0.07
15631359,0.13
15748473,0.0
15687094,0.05
15754342,0.47
15602841,0.04
15698716,0.64
15602797,0.91
15566380,0.07
15767358,0.39
15580252,0.22
15779904,0.02
15724623,0.26
15615096,0.02
15640161,0.22
15594651,0.0
15685829,0.03
15769110,0.23
15663134,0.08
15594720,0.28
15711572,0.15
15713479,0.01
15602479,0.02
15751912,0.03
15807473,0.03
15572461,0.08
15742091,0.47
15795224,0.18
15701109,0.17
15568006,0.87
15683618,0.04
15603378,0.01
15751167,0.04
15747677,0.13
15662532,0.21
15581036,0.16
15709523,0.06
15674929,0.02
15723851,0.24
15594340,0.32
15766205,0.26
15700772,0.24
15754267,0.14
15783019,0.86
15759684,0.18
15758836,0.01
15798737,0.0
15624423,0.11
15798256,0.27
15812197,0.2
15672754,0.29
15813095,0.01
15696900,0.13
15632899,0.13
15574012,0.08
15797686,0.07
15698028,0.05
15681332,0.43
15622631,0.3
15644103,0.14
15749114,0.01
15744368,0.29
15625080,0.87
15715541,0.49
15646196,0.21
15570299,0.15
15715532,0.11
15645569,0.13
15571081,0.3
15700752,0.01
15737025,0.52
15752912,0.0
15647975,0.22
15599211,0.06
15720820,0.03
15714260,0.06
15723858,0.04
15624611,0.02
15585907,0.04
15592773,0.87
15601569,0.38
15617401,0.05
15585255,0.22
15768816,0.38
15625586,0.05
15740345,0.28
15719991,0.65
15626795,0.29
15639049,0.05
15656322,0.09
15678572,0.0
15734058,0.17
15744789,0.24
15570002,0.96
15792868,0.4
15733964,0.27
15604782,0.3
15693200,0.06
15638882,0.73
15783225,0.7
15653547,0.37
15570073,0.45
15778604,0.19
15692977,0.13
15746594,0.11
15616922,0.06
15585133,0.1
15676909,0.04
15814940,0.06
15790782,0.16
15794560,0.51
15678882,0.33
15668767,0.23
15698927,0.03
15738042,0.01
15693904,0.04
15708228,0.35
15581893,0.19
15696826,0.07
15657829,0.2
15800049,0.23
15581198,0.67
15757632,0.28
15598751,0.81
15778934,0.1
15729515,0.17
15651140,0.19
15600258,0.07
15790336,0.04
15657321,0.05
15617348,0.12
15630413,0.02
15622321,0.11
15709653,0.01
15767594,0.06
15656707,0.08
15676835,0.1
15804075,0.23
15655082,0.9
15570769,0.19
15741643,0.16
15576111,0.38
15747208,0.64
15591607,0.08
15673907,0.02
15731755,0.38
15667889,0.0
15693381,0.03
15603247,0.22
15611947,0.07
15743193,0.0
15722758,0.02
15738751,0.37
15613085,0.14
15801473,0.06
15624892,0.1
15771855,0.01
15616451,0.24
15653776,0.87
15792305,0.91
15677955,0.3
15752097,0.12
15702561,0.03
15811970,0.12
15580912,0.02
15636105,0.07
15711219,0.51
15719931,0.03
15617304,0.01
15626008,0.61
15649744,0.28
15577064,0.07
15694376,0.83
15730360,0.03
15754952,0.48
15728480,0.07
15802501,0.05
15595426,0.1
15731815,0.86
15654156,0.13
15808526,0.4
15667632,0.17
15811589,0.05
15600879,0.23
15633854,0.02
15765311,0.1
15769902,0.0
15738835,0.13
15690440,0.15
15568982,0.03
15592091,0.02
15753969,0.16
15702434,0.02
15767391,0.05
15720155,0.12
15812850,0.14
15783589,0.01
15790958,0.0
15610383,0.85
15703394,0.02
15679813,0.07
15653347,0.55
15641688,0.11
15609735,0.41
15618950,0.04
15636982,0.44
15778975,0.76
15683562,0.05
15718454,0.16
15803136,0.36
15669490,0.08
15611961,0.01
15577988,0.07
15621267,0.09
15809837,0.4
15721181,0.08
15773591,0.12
15638871,0.15
15725882,0.22
15727868,0.05
15720134,0.09
15804002,0.02
15723827,0.07
15737047,0.55
15789955,0.62
15706116,0.21
15575679,0.11
15782778,0.1
15714658,0.01
15708650,0.05
15713912,0.15
15644280,0.09
15737133,0.11
15752626,0.12
15789563,0.58
15632280,0.71
15636541,0.26
15684318,0.26
15708212,0.74
15576641,0.23
15663939,0.18
15641110,0.24
15748608,0.4
15742028,0.01
15573888,0.71
15772604,0.04
15599124,0.01
15692291,0.26
15727138,0.1
15776824,0.16
15774104,0.01
15809286,0.03
15754577,0.78
15805104,0.05
15596175,0.25
15806546,0.37
15731865,0.01
15623695,0.04
15613427,0.58
15707114,0.01
15687903,0.01
15746035,0.08
15705735,0.04
15675964,0.32
15620756,0.58
15647301,0.3
15762745,0.11
15685628,0.03
15633233,0.57
15683657,0.03
15803032,0.18
15764237,0.01
15767871,0.09
15812184,0.22
15775235,0.12
15778368,0.79
15609160,0.02
15660505,0.74
15654964,0.43
15777958,0.0
15797194,0.02
15659305,0.07
15771417,0.19
15603216,0.0
15662578,0.22
15787825,0.24
15688876,0.02
15690452,0.72
15738672,0.08
15640905,0.19
15576313,0.34
15580579,0.25
15734588,0.04
15756655,0.01
15595537,0.29
15666652,0.03
15660200,0.01
15733460,0.0
15765415,0.24
15721207,0.41
15742834,0.34
15594039,0.02
15707968,0.05
15812616,0.64
15813159,0.52
15808905,0.04
15735346,0.37
15746258,0.03
15709252,0.12
15629002,0.04
15591932,0.08
15582090,0.39
15684868,0.91
15765048,0.01
15570859,0.03
15814267,0.09
15736043,0.02
15720943,0.44
15640418,0.35
15656096,0.08
15749688,0.02
15807120,0.46
15614813,0.64
15630511,0.02
15622117,0.04
15605284,0.0
15778154,0.8
15649112,0.2
15737795,0.08
15572294,0.07
15751561,0.79
15788291,0.28
15709511,0.06
15573112,0.03
15738936,0.06
15625445,0.04
15680685,0.11
15687477,0.19
15750574,0.02
15670738,0.57
15742798,0.16
15734044,0.05
15649414,0.18
15566563,0.13
15727291,0.08
15690153,0.06
15713608,0.18
15613886,0.42
15799811,0.29
15673342,0.04
15656454,0.07
15805637,0.75
15785485,0.31
15665238,0.24
15596624,0.01
15777904,0.0
15596979,0.0
15675380,0.34
15782941,0.04
15774882,0.05
15784301,0.17
15632079,0.28
15602280,0.15
15652700,0.01
15660809,0.05
15586243,0.16
15605263,0.05
15814772,0.46
15597536,0.33
15770631,0.03
15711130,0.1
15657439,0.18
15585777,0.0
15680918,0.01
15617206,0.2
15578835,0.19
15771509,0.22
15622454,0.05
15589312,0.03
15583597,0.23
15761506,0.03
15740442,0.55
15713644,0.05
15774491,0.02
15667392,0.12
15582149,0.09
15682472,0.18
15589431,0.46
15643916,0.34
15624397,0.25
15650454,0.09
15758845,0.07
15674932,0.2
15721116,0.03
15766183,0.16
15798429,0.11
15595917,0.07
15759066,0.44
15792151,0.02
15752081,0.83
15601045,0.11
15588535,0.15
15696859,0.28
15742323,0.0
15732621,0.03
15591628,0.46
15764409,0.02
15574372,0.01
15683375,0.11
15686780,0.2
15656937,0.05
15791040,0.1
15779481,0.08
15596808,0.15
15753102,0.49
15758451,0.32
15792077,0.02
15733705,0.06
15634310,0.02
15623668,0.1
15585249,0.26
15677307,0.26
15631159,0.06
15701908,0.33
15644621,0.35
15665077,0.72
15756820,0.02
15705298,0.1
15620123,0.1
15762543,0.01
15659677,0.35
15686538,0.14
15599074,0.23
15672594,0.72
15695383,0.07
15772250,0.6
15672145,0.07
15697686,0.05
15760861,0.17
15738497,0.18
15636812,0.16
15651664,0.86
15734917,0.14
15569187,0.03
15760244,0.3
15611247,0.17
15694366,0.27
15575430,0.12
15705174,0.14
15616221,0.1
15595136,0.01
15667476,0.24
15622911,0.17
15792922,0.02
15712777,0.14
15689952,0.16
15783875,0.03
15811947,0.11
15638463,0.48
15626578,0.02
15584190,0.03
15799422,0.15
15796910,0.85
15793331,0.03
15766908,0.12
15698031,0.21
15622527,0.46
15615473,0.05
15785373,0.56
15587581,0.1
15773876,0.0
15580956,0.36
15627699,0.04
15808621,0.02
15794142,0.81
15645029,0.04
15608344,0.58
15716431,0.21
15799924,0.41
15603170,0.03
15660571,0.17
15678201,0.51
15593778,0.48
15581626,0.56
15741921,0.13
15730460,0.08
15611171,0.03
15666200,0.06
15586752,0.1
15582404,0.0
15771299,0.3
15767264,0.78
15623521,0.21
15715512,0.09
15706071,0.47
15636860,0.35
15745080,0.18
15810457,0.15
15616270,0.19
15658716,0.64
15735080,0.45
15753895,0.02
15590820,0.12
15576304,0.02
15692142,0.56
15597945,0.05
15789546,0.0
15759690,0.07
15611767,0.9
15765258,0.04
15780220,0.07
15696373,0.13
15700937,0.02
15712584,0.01
15604588,0.13
15723488,0.4
15809309,0.22
15625151,0.27
15642636,0.05
15680643,0.2
15569432,0.07
15777797,0.05
15697567,0.01
15683758,0.23
15605461,0.34
15579706,0.8
15696674,0.6
15676810,0.0
15735719,0.12
15746326,0.15
15751549,0.06
15591123,0.44
15732299,0.48
15660390,0.01
15605622,0.01
15687130,0.45
15742638,0.07
15759874,0.41
15618245,0.02
15654457,0.56
15665784,0.17
15698285,0.1
15626628,0.04
15569364,0.02
15659656,0.12
15624072,0.02
15775294,0.04
15671789,0.01
15647807,0.2
15661412,0.16
15736963,0.02
15569626,0.04
15655410,0.46
15654700,0.13
15714750,0.32
15616931,0.2
15620344,0.12
15743617,0.63
15705383,0.03
15639217,0.01
15650488,0.27
15714380,0.03
15753092,0.19
15803764,0.0
15676869,0.01
15622532,0.25
15735687,0.1
15648989,0.16
15582180,0.02
15617648,0.12
15715769,0.0
15701333,0.15
15580560,0.3
15614054,0.0
15682890,0.08
15584930,0.1
15723481,0.03
15687658,0.44
15792329,0.15
15722409,0.21
15724889,0.0
15776229,0.1
15713853,0.29
15621457,0.12
15775306,0.73
15760774,0.06
15569266,0.15
15716608,0.43
15716024,0.02
15654074,0.07
15755225,0.04
15776545,0.19
15790564,0.17
15746065,0.04
15773039,0.21
15620988,0.1
15596870,0.74
15628272,0.27
15753831,0.02
15723318,0.8
15616954,0.09
15600106,0.04
15715031,0.02
15687607,0.13
15734987,0.14
15662243,0.43
15638494,0.53
15581479,0.06
15751926,0.3
15649992,0.19
15575417,0.19
15670587,0.21
15732987,0.44
15703707,0.17
15602030,0.07
15569595,0.74
15603565,0.84
15625023,0.29
15775888,0.15
15782404,0.1
15643330,0.01
15802570,0.18
15690021,0.56
15673570,0.01
15750299,0.01
15685844,0.32
15582847,0.0
15649379,0.15
15708003,0.28
15662483,0.1
15687431,0.07
15793042,0.03
15666173,0.07
15815530,0.53
15578865,0.61
15777504,0.07
15567630,0.29
15812040,0.13
15573851,0.32
15642022,0.05
15579566,0.23
15698321,0.0
15637522,0.1
15665438,0.21
15761692,0.04
15709737,0.02
15573741,0.08
15750837,0.42
15718588,0.09
15752508,0.02
15656176,0.22
15764195,0.08
15735221,0.18
15605279,0.7
15642098,0.07
15766288,0.18
15666975,0.2
15759133,0.38
15780514,0.19
15749947,0.04
15717398,0.15
15790299,0.45
15625395,0.02
15705663,0.24
15746341,0.03
15765537,0.04
15771728,0.75
15580249,0.42
15594305,0.04
15721460,0.77
15803941,0.38
15772262,0.15
15571302,0.29
15719276,0.15
15576256,0.0
15756918,0.05
15636935,0.06
15751333,0.04
15773221,0.27
15616929,0.2
15614643,0.19
15569807,0.08
15675787,0.03
15736879,0.02
15642162,0.22
15784209,0.49
15616833,0.04
15625632,0.01
15734202,0.6
15658956,0.09
15808689,0.02
15595037,0.45
15800295,0.11
15611682,0.02
15637354,0.0
15811565,0.28
15703059,0.6
15795640,0.08
15632010,0.04
15615207,0.25
15756848,0.09
15723263,0.18
15659094,0.26
15729970,0.03
15725776,0.16
15689661,0.0
15746708,0.91
15596074,0.1
15596165,0.01
15778142,0.1
15624180,0.87
15591357,0.41
15686885,0.19
15808851,0.34
15635728,0.04
15807335,0.0
15586135,0.13
15623346,0.04
15733876,0.0
15646566,0.68
15809320,0.85
15694644,0.39
15589195,0.25
15689751,0.2
15654211,0.21
15663386,0.04
15657779,0.07
15705639,0.05
15697424,0.04
15580366,0.33
15653275,0.57
15591740,0.1
15605698,0.61
15688264,0.15
15598266,0.12
15580493,0.1
15758048,0.23
15623566,0.04
15799534,0.3
15756668,0.01
15722246,0.63
15633274,0.16
15806420,0.01
15662751,0.35
15704014,0.13
15646594,0.16
15736069,0.36
15805413,0.09
15657812,0.12
15587177,0.04
15775307,0.14
15758726,0.07
15651943,0.15
15811177,0.32
15570485,0.18
15767793,0.1
15608916,0.02
15668009,0.04
15731463,0.44
15679884,0.78
15610781,0.24
15720929,0.72
15780432,0.04
15750396,0.01
15760121,0.08
15811026,0.06
15647570,0.78
15707918,0.32
15621021,0.18
15778290,0.2
15731553,0.01
15690332,0.19
15672152,0.18
15810845,0.06
15640846,0.94
15775750,0.15
15721719,0.04
15701768,0.03
15742269,0.01
15568748,0.42
15619699,0.39
15647402,0.01
15632118,0.49
15613673,0.13
15636595,0.01
15594502,0.02
15794137,0.11
15731327,0.02
15735968,0.01
15669987,0.22
15635502,0.32
15605020,0.2
15571928,0.68
15806880,0.19
15722599,0.23
15642291,0.0
15776850,0.14
15638269,0.08
15632344,0.19
15738516,0.49
15620746,0.39
15701687,0.66
15811594,0.09
15630195,0.26
15787835,0.15
15603883,0.01
15624793,0.17
15611759,0.34
15801417,0.01
15588859,0.44
15689786,0.69
15772528,0.14
15808044,0.88
15629244,0.31
15696506,0.17
15657228,0.03
15665811,0.05
15575428,0.07
15737782,0.05
15588019,0.23
15634815,0.06
15645572,0.44
15657349,0.77
15771569,0.52
15568819,0.81
15618661,0.0
15811032,0.25
15567437,0.19
15815125,0.12
15593250,0.01
15745201,0.09
15593094,0.1
15656426,0.17
15657386,0.24
15590097,0.15
15643439,0.36
15702464,0.06
15734628,0.0
15812607,0.43
15750545,0.71
15682547,0.01
15672053,0.01
15764314,0.12
15761783,0.06
15758606,0.54
15779247,0.21
15588090,0.75
15724423,0.13
15687913,0.36
15705899,0.03
15766172,0.04
15679075,0.03
15695097,0.15
15672374,0.71
15724890,0.07
15636069,0.29
15621815,0.2
15667944,0.02
15745804,0.01
15701291,0.11
15644977,0.03
15619708,0.0
15621893,0.14
15654456,0.66
15756743,0.14
15748854,0.08
15590683,0.23
15770406,0.23
15723856,0.01
15787026,0.07
15769522,0.17
15812720,0.02
15570932,0.09
15789936,0.01
15580043,0.16
15569050,0.41
15608541,0.21
15589666,0.24
15633531,0.23
15637366,0.08
15569878,0.05
15588622,0.05
15629603,0.0
15808334,0.12
15646817,0.25
15732963,0.02
15797960,0.87
15589793,0.46
15783276,0.09
15814750,0.0
15801411,0.45
15801152,0.18
15604196,0.07
15609558,0.27
15717962,0.24
15659327,0.4
15699507,0.03
15782468,0.2
15578251,0.12
15721383,0.01
15743153,0.23
15593331,0.18
15684548,0.14
15679200,0.04
15766906,0.03
15790448,0.21
15790689,0.06
15775082,0.08
15610042,0.06
15670266,0.17
15751180,0.21
15783463,0.03
15755084,0.04
15748327,0.09
15648075,0.65
15626608,0.45
15681924,0.11
15578098,0.01
15660429,0.24
15722701,0.08
15684296,0.01
15610419,0.09
15570533,0.51
15737748,0.26
15737909,0.1
15810347,0.04
15628112,0.26
15634936,0.24
15774872,0.04
15746199,0.12
15681068,0.24
15658987,0.19
15624068,0.09
15780989,0.31
15803337,0.08
15715465,0.22
15629739,0.21
15632736,0.06
15774277,0.07
15600734,0.11
15675316,0.03
15612966,0.38
15641007,0.04
15656829,0.0
15738605,0.45
15612769,0.07
15623828,0.02
15791006,0.2
15633950,0.19
15576196,0.44
15796074,0.02
15596303,0.05
15606273,0.01
15703563,0.02
15636353,0.02
15684103,0.03
15740487,0.74
15660535,0.03
15794661,0.0
15585041,0.0
15649858,0.06
15677377,0.02
15762198,0.01
15675360,0.16
15697035,0.03
15750970,0.14
15617982,0.18
15761986,0.12
15567919,0.0
15718369,0.21
15786800,0.67
15704340,0.25
15631709,0.07
15658211,0.07
15631603,0.06
15680772,0.02
15636590,0.03
15755863,0.21
15608968,0.08
15608406,0.11
15652883,0.26
15812518,0.07
15780805,0.0
15737571,0.02
15780870,0.22
15751193,0.0
15704763,0.23
15625522,0.02
15800814,0.02
15680405,0.13
15642655,0.1
15619935,0.37
15785367,0.79
15633866,0.18
15814331,0.32
15806134,0.06
15594133,0.89
15756932,0.0
15734578,0.48
15796838,0.16
15659100,0.03
15799300,0.29
15686957,0.07
15596811,0.05
15639368,0.09
15594436,0.02
15702919,0.1
15691823,0.07
15625916,0.09
15793070,0.18
15608114,0.2
15655859,0.03
15591942,0.14
15764892,0.24
15611325,0.05
15581548,0.1
15716984,0.65
15592078,0.12
15692750,0.89
15801296,0.25
15708265,0.28
15799859,0.51
15766552,0.02
15680970,0.43
15632669,0.03
15667289,0.19
15595162,0.29
15622833,0.11
15670866,0.0
15810593,0.62
15811486,0.22
15810660,0.05
15621210,0.54
15724863,0.68
15776936,0.12
15768193,0.02
15770474,0.24
15719898,0.04
15589496,0.02
15698349,0.0
15632551,0.1
15807163,0.16
15789714,0.04
15586174,0.12
15716134,0.08
15574369,0.48
15723153,0.02
15773709,0.05
15585198,0.11
15566251,0.11
15709295,0.02
15597610,0.13
15707078,0.35
15571689,0.07
15632665,0.49
15775192,0.69
15800031,0.08
15607526,0.9
15707602,0.28
15769955,0.11
15594862,0.02
15627298,0.01
15715597,0.11
15756475,0.04
15767681,0.01
15609254,0.24
15789557,0.29
15710928,0.47
15756871,0.1
15725509,0.06
15570629,0.22
15731478,0.59
15723320,0.11
15758031,0.01
15802060,0.1
15645815,0.03
15723169,0.17
15599722,0.18
15623595,0.04
15748718,0.04
15768777,0.01
15684908,0.44
15676156,0.03
15660144,0.0
15646374,0.04
15712938,0.03
15789874,0.16
15586300,0.04
15589924,0.13
15773906,0.0
15811773,0.02
15588235,0.14
15690829,0.63
15733616,0.06
15672082,0.52
15659399,0.27
15795149,0.0
15775892,0.32
15710012,0.15
15612418,0.07
15707120,0.48
15599289,0.23
15586069,0.07
15744044,0.67
15764419,0.03
15695632,0.16
15772995,0.0
15689168,0.03
15752601,0.05
15759741,0.2
15652658,0.06
15718242,0.87
15763256,0.7
15735358,0.27
15766741,0.02
15801265,0.53
15815690,0.13
15624715,0.26
15760550,0.02
15772632,0.01
15794895,0.03
15766066,0.46
15653315,0.0
15806570,0.95
15717560,0.5
15568469,0.18
15791877,0.03
15677785,0.02
15602034,0.17
15627185,0.05
15700965,0.0
15697283,0.0
15645593,0.11
15796764,0.82
15714046,0.01
15572626,0.03
15572021,0.09
15667932,0.04
15774098,0.02
15804586,0.75
15780212,0.28
15687079,0.51
15792107,0.15
15588701,0.01
15614103,0.48
15603846,0.01
15677305,0.04
15593601,0.02
15699294,0.0
15709117,0.36
15668104,0.08
15746674,0.52
15722061,0.24
15694272,0.05
15607330,0.18
15781272,0.83
15572706,0.06
15799998,0.23
15600392,0.19
15741181,0.12
15720649,0.04
15785024,0.41
15682839,0.24
15798605,0.05
15792607,0.04
15733111,0.02
15730469,0.02
15655648,0.02
15792934,0.0
15710456,0.01
15733032,0.11
15723706,0.08
15712596,0.11
15565796,0.65
15805025,0.22
15752984,0.09
15739271,0.29
15777826,0.0
15728693,0.28
15760090,0.01
15691170,0.14
15812982,0.11
15646091,0.29
15637315,0.11
15682618,0.09
15813503,0.01
15706223,0.02
15655368,0.4
15692430,0.01
15615457,0.26
15712287,0.07
15769783,0.22
15632816,0.63
15685576,0.02
15661821,0.62
15608528,0.74
15738318,0.11
15649060,0.02
15789611,0.69
15602851,0.18
15768887,0.02
15696301,0.24
15729412,0.03
15742607,0.18
15751057,0.25
15763898,0.2
15757537,0.03
15614893,0.21
15731330,0.15
15808223,0.06
15581526,0.05
15644179,0.02
15647800,0.06
15633586,0.08
15813659,0.9
15684294,0.1
15768104,0.21
15718852,0.26
15632345,0.04
15774510,0.11
15789339,0.19
15688157,0.09
15645248,0.07
15780038,0.14
15566467,0.09
15639788,0.08
15727059,0.12
15734005,0.16
15664311,0.09
15810942,0.49
15800961,0.2
15777179,0.01
15792729,0.19
15734737,0.13
15788442,0.34
15586914,0.01
15638513,0.28
15723654,0.01
15688498,0.13
15708513,0.38
15586133,0.76
15730287,0.79
15576774,0.09
15624437,0.05
15631063,0.01
15619116,0.09
15662263,0.06
15737542,0.25
15648702,0.35
15740072,0.04
15643574,0.0
15589739,0.13
15571148,0.08
15665956,0.77
15801701,0.0
15720529,0.02
15637650,0.37
15748920,0.2
15705352,0.02
15804862,0.39
15657868,0.37
15576745,0.4
15683841,0.1
15757140,0.37
15677049,0.11
15645772,0.02
15653572,0.21
15801863,0.05
15735388,0.07
15692671,0.02
15708048,0.17
15612109,0.02
15754605,0.02
15653065,0.04
15797900,0.73
15653773,0.25
15623143,0.12
15596992,0.4
15776156,0.03
15790659,0.03
15603096,0.19
15778897,0.04
15752137,0.03
15681402,0.44
15709451,0.07
15612092,0.14
15637876,0.3
15617419,0.01
15623858,0.53
15578073,0.03
15703119,0.0
15660866,0.02
15813590,0.02
15807568,0.18
15574761,0.11
15646168,0.03
15704315,0.07
15779176,0.81
15748381,0.13
15592707,0.32
15621031,0.0
15619045,0.1
15680197,0.03
15606944,0.57
15636388,0.22
15654673,0.57
15739692,0.08
15589200,0.02
15811236,0.01
15692761,0.14
15567893,0.04
15612350,0.31
15776096,0.05
15677828,0.01
15645637,0.25
15632977,0.16
15595221,0.3
15600974,0.57
15725141,0.23
15716491,0.2
15796721,0.05
15611189,0.33
15599152,0.19
15795881,0.02
15749851,0.1
15662426,0.09
15590676,0.05
15707144,0.08
15745623,0.03
15603134,0.39
15572093,0.09
15605072,0.31
15736510,0.93
15654870,0.03
15759566,0.06
15639665,0.11
15780498,0.09
15576928,0.28
15634950,0.31
15665695,0.16
15654506,0.0
15651983,0.43
15637235,0.01
15583221,0.15
15783526,0.08
15796343,0.14
15658614,0.19
15786739,0.04
15618647,0.07
15650538,0.65
15612594,0.01
15656029,0.01
15672357,0.01
15588080,0.79
15672610,0.14
15595039,0.42
15574480,0.03
15714080,0.19
15738063,0.02
15662189,0.21
15715673,0.72
15722072,0.25
15721024,0.05
15700383,0.06
15788634,0.19
15617657,0.09
15733229,0.12
15741417,0.1
15794493,0.01
15583580,0.56
15667460,0.0
15734461,0.14
15775949,0.06
15577831,0.44
15598331,0.32
15787529,0.15
15706131,0.1
15667046,0.09
15627377,0.02
15588923,0.09
15628999,0.21
15799480,0.09
15574352,0.17
15589869,0.28
15779529,0.0
15756150,0.1
15666297,0.9
15584156,0.39
15612633,0.16
15812230,0.8
15663706,0.38
15724858,0.73
15613180,0.16
15583552,0.42
15738291,0.13
15807989,0.02
15661629,0.03
15690546,0.71
15681956,0.01
15633546,0.1
15673591,0.75
15587311,0.0
15675585,0.13
15666548,0.77
15589348,0.04
15748936,0.07
15651389,0.06
15770543,0.22
15704168,0.36
15759913,0.1
15806837,0.23
15639303,0.51
15607275,0.27
15721504,0.04
15627027,0.0
15800515,0.0
15784042,0.4
15758685,0.0
15581840,0.03
15570990,0.21
15684319,0.23
15782219,0.03
15668958,0.0
15801994,0.0
15765093,0.04
15570855,0.02
15758939,0.15
15574743,0.1
15815095,0.5
15658504,0.28
15797736,0.04
15693326,0.17
15733138,0.23
15769818,0.56
15710424,0.33
15756975,0.04
15700424,0.05
15574169,0.31
15783083,0.0
15650026,0.17
15614687,0.2
15585490,0.1
15798521,0.01
15785869,0.02
15598338,0.06
15790678,0.19
15611105,0.01
15763544,0.09
15580845,0.39
15610403,0.37
15764444,0.2
15690540,0.26
15794278,0.16
15628600,0.41
15703143,0.12
15633194,0.77
15587562,0.21
15591822,0.12
15665416,0.18
15774857,0.0
15806913,0.46
15730738,0.01
15769980,0.29
15770567,0.04
15788224,0.72
15632472,0.18
15699309,0.31
15710408,0.03
15670755,0.09
15591577,0.04
15699047,0.03
15774931,0.09
15618391,0.01
15780144,0.16
15802483,0.05
15736769,0.02
15788536,0.2
15641662,0.12
15754599,0.08
15688963,0.54
15706464,0.02
15675888,0.13
15730418,0.0
15807525,0.05
15815615,0.07
15673599,0.0
15717498,0.1
15701605,0.33
15583049,0.31
15795246,0.24
15700540,0.39
15578788,0.03
15800703,0.07
15624744,0.53
15771702,0.17
15734565,0.0
15667134,0.1
15710053,0.24
15566531,0.08
15658449,0.41
15744843,0.23
15626385,0.07
15801436,0.2
15712264,0.27
15693771,0.46
15568953,0.08
15815552,0.17
15711062,0.07
15679991,0.05
15725762,0.02
15624623,0.04
15704509,0.05
15694995,0.0
15694717,0.21
15745088,0.18
15633612,0.06
15702298,0.38
15687626,0.02
15769191,0.28
15744109,0.03
15717995,0.01
15626322,0.19
15584320,0.3
15568595,0.32
15759381,0.19
15738588,0.5
15623499,0.91
15708505,0.06
15590327,0.48
15607065,0.04
15685300,0.02
15722479,0.02
15717156,0.03
15601383,0.41
15732674,0.08
15703763,0.09
15684861,0.09
15752507,0.76
15770424,0.12
15794875,0.02
15720687,0.39
15724466,0.25
15600086,0.16
15799641,0.03
15666633,0.09
15719606,0.24
15798964,0.12
15604314,0.25
15588566,0.03
15757001,0.02
15645717,0.23
15779886,0.01
15759717,0.18
15650266,0.06
15604497,0.37
15764294,0.11
15813741,0.2
15624633,0.15
15795586,0.18
15765520,0.31
15762682,0.1
15606386,0.77
15657105,0.25
15812766,0.12
15646513,0.43
15788068,0.83
15569764,0.23
15657830,0.06
15742009,0.23
15745307,0.35
15723786,0.05
15774551,0.04
15712536,0.03
15613048,0.34
15791958,0.11
15694395,0.1
15707974,0.25
15616676,0.07
15628274,0.04
15736431,0.01
15577313,0.25
15596228,0.05
15779174,0.06
15810167,0.26
15735330,0.11
15696120,0.07
15743478,0.01
15695103,0.0
15572792,0.0
15646558,0.35
15749905,0.8
15711028,0.6
15763806,0.03
15792986,0.13
15617934,0.02
15616859,0.87
15763683,0.09
15803538,0.76
15601589,0.2
15709917,0.46
15690695,0.02
15755648,0.15
15591047,0.31
15745452,0.55
15811613,0.2
15686345,0.01
15631333,0.17
15792328,0.29
15572728,0.07
15623450,0.23
15597591,0.07
15641004,0.33
15798385,0.12
15631436,0.09
15584338,0.09
15774166,0.12
15740494,0.0
15760568,0.15
15764841,0.16
15714877,0.14
15630920,0.1
15648766,0.07
15697042,0.06
15617603,0.14
15739972,0.67
15720636,0.28
15658240,0.28
15763704,0.26
15588955,0.83
15611973,0.06
15670859,0.32
15809999,0.13
15667216,0.01
15597109,0.13
15729975,0.41
15805449,0.04
15761076,0.04
15758171,0.19
15804610,0.15
15659064,0.0
15731543,0.16
15607347,0.11
15668270,0.38
15739576,0.04
15782100,0.07
15719377,0.71
15603925,0.15
15698167,0.15
15738088,0.49
15682686,0.04
15704583,0.95
15766272,0.52
15591150,0.0
15692583,0.03
15675794,0.69
15584967,0.03
15804357,0.26
15773017,0.03
15589437,0.06
15785611,0.15
15599956,0.0
15599329,0.85
15730540,0.3
15746012,0.05
15706729,0.08
15595557,0.04
15639077,0.75
15592751,0.75
15733247,0.24
15715888,0.01
15589210,0.15
15659031,0.1
15622658,0.12
15797246,0.08
15641877,0.23
15808473,0.05
15796993,0.41
15719090,0.16
15726814,0.13
15627859,0.13
15716276,0.07
15741197,0.24
15669946,0.54
15714493,0.06
15689514,0.54
15686983,0.03
15784320,0.2
15729110,0.08
15630349,0.0
15643229,0.01
15778959,0.07
15760294,0.29
15811927,0.12
15772896,0.41
15663917,0.24
15790630,0.56
15747174,0.16
15753215,0.08
15581811,0.12
15705009,0.74
15674156,0.33
15588928,0.05
15681991,0.02
15787014,0.05
15739248,0.17
15761886,0.04
15589147,0.28
15579345,0.46
15740527,0.6
15806447,0.03
15748691,0.22
15713559,0.09
15710087,0.85
15573628,0.78
15576156,0.4
15573926,0.11
15588517,0.05
15705707,0.15
15703068,0.11
15778696,0.22
15762708,0.18
15810800,0.2
15716781,0.21
15704144,0.05
15751208,0.2
15729377,0.0
15648455,0.87
15631871,0.37
15644572,0.12
15624936,0.04
15662854,0.38
15578374,0.16
15724321,0.85
15703292,0.03
15697360,0.18
15584462,0.17
15730161,0.08
15640106,0.13
15633818,0.0
15618171,0.04
15654296,0.53
15717056,0.22
15669219,0.18
15659234,0.0
15801336,0.38
15778752,0.01
15767339,0.46
15699550,0.03
15593636,0.17
15648178,0.31
15762169,0.11
15750258,0.12
15809100,0.3
15570895,0.31
15604355,0.07
15578297,0.78
15744606,0.02
15612108,0.22
15630363,0.24
15606232,0.13
15710978,0.27
15718912,0.59
15712543,0.11
15671769,0.74
15739292,0.05
15658067,0.76
15758510,0.2
15594898,0.23
15619653,0.6
15578369,0.22
15775891,0.33
15653696,0.0
15635256,0.0
15627000,0.05
15643908,0.56
15681196,0.11
15576723,0.05
15797329,0.26
15648951,0.1
15644119,0.1
15566269,0.01
15727619,0.84
15590434,0.13
15602010,0.47
15601324,0.16
15745250,0.67
15796969,0.02
15687001,0.37
15713770,0.09
15705918,0.05
15619340,0.04
15665759,0.17
15566594,0.06
15786905,0.23
15783659,0.22
15734649,0.74
15705991,0.38
15569410,0.13
15702541,0.86
15615219,0.25
15751943,0.14
15801605,0.07
15587297,0.01
15671387,0.04
15702380,0.03
15801431,0.11
15666095,0.06
15703037,0.12
15662021,0.14
15594577,0.03
15736413,0.02
15628767,0.15
15802857,0.07
15666711,0.69
15679966,0.19
15796111,0.51
15603554,0.8
15776629,0.04
15801062,0.14
15687153,0.75
15756894,0.05
15669175,0.1
15659486,0.14
15613141,0.08
15676707,0.08
15640953,0.0
15751175,0.04
15574783,0.01
15711299,0.53
15748616,0.02
15695846,0.02
15630244,0.13
15715744,0.11
15570360,0.04
15725429,0.03
15592999,0.39
15695197,0.15
15665327,0.2
15592761,0.01
15812832,0.13
15655875,0.02
15806389,0.43
15594612,0.49
15742971,0.11
15604551,0.02
15673984,0.27
15654772,0.09
15797751,0.47
15655574,0.22
15782247,0.46
15702138,0.2
15706552,0.09
15572631,0.05
15794849,0.17
15670889,0.09
15805523,0.06
15741336,0.15
15804009,0.07
15683483,0.02
15706593,0.18
15773456,0.05
15593795,0.79
15710164,0.52
15750055,0.02
15741295,0.15
15723818,0.1
15654183,0.0
15801316,0.27
15732202,0.01
15776921,0.27
15643696,0.21
15625964,0.36
15651272,0.0
15764922,0.18
15807167,0.12
15790254,0.19
15568164,0.04
15797081,0.43
15589019,0.05
15658972,0.21
15712551,0.88
15567923,0.24
15720083,0.04
15611905,0.26
15577970,0.13
15719579,0.09
15662337,0.22
15779915,0.04
15810218,0.41
15651674,0.56
15654390,0.16
15757408,0.84
15722053,0.02
15588450,0.48
15664339,0.42
15601787,0.14
15733888,0.12
15646784,0.09
15700946,0.21
15626114,0.17
15685150,0.18
15684925,0.22
15710138,0.01
15695301,0.2
15775206,0.02
15694288,0.04
15573171,0.19
15613102,0.1
15604304,0.13
15614929,0.08
15757777,0.0
15727384,0.49
15780804,0.34
15578977,0.01
15809906,0.1
15574830,0.68
15791836,0.0
15623357,0.1
15801277,0.07
15579647,0.23
15741875,0.19
15688619,0.13
15665053,0.09
15633944,0.03
15679760,0.21
15583755,0.2
15715638,0.26
15728608,0.06
15737310,0.04
15773322,0.67
15776558,0.06
15683993,0.12
15572415,0.0
15724296,0.06
15795933,0.14
15619972,0.28
15642934,0.2
15609998,0.86
15696834,0.0
15633640,0.58
15707861,0.58
15797219,0.41
15809736,0.4
15711635,0.25
15750099,0.41
15774936,0.2
15771997,0.23
15615091,0.05
15624677,0.18
15704378,0.15
15712903,0.36
15626141,0.01
15785798,0.08
15574331,0.51
15613880,0.41
15649297,0.16
15668629,0.15
15616630,0.26
15622985,0.5
15702715,0.28
15641582,0.32
15762218,0.09
15672481,0.01
15732660,0.11
15609058,0.01
15713346,0.06
15736274,0.0
15664752,0.07
15795186,0.15
15718572,0.2
15620836,0.03
15810878,0.12
15660475,0.46
15733973,0.41
15568328,0.02
15619087,0.29
15592765,0.04
15680736,0.36
15680901,0.01
15679743,0.07
15688085,0.1
15668323,0.26
15618314,0.08
15593694,0.2
15700854,0.19
15620981,0.47
15644878,0.32
15699415,0.46
15799825,0.08
15810978,0.07
15786199,0.06
15583857,0.23
15663441,0.3
15675141,0.19
15625247,0.26
15807269,0.38
15568238,0.02
15649853,0.35
15806967,0.4
15671243,0.22
15567328,0.06
15665783,0.17
15578186,0.33
15670584,0.1
15751131,0.28
15806771,0.03
15762573,0.02
15709639,0.02
15725660,0.15
15619616,0.06
15591169,0.82
15724282,0.15
15761453,0.19
15768201,0.17
15769596,0.16
15750156,0.92
15664506,0.23
15764253,0.06
15659236,0.02
15762277,0.29
15758039,0.04
15758449,0.39
15674398,0.02
15811343,0.84
15803908,0.07
15565714,0.35
15670823,0.78
15648225,0.08
15646302,0.08
15634896,0.02
15694859,0.1
15706185,0.21
15602844,0.22
15720706,0.14
15658929,0.13
15773789,0.11
15593969,0.23
15583212,0.28
15673223,0.08
15770214,0.0
15702175,0.04
15601351,0.04
15655252,0.21
15576935,0.12
15742613,0.12
15690744,0.27
15674637,0.17
15627328,0.02
15706904,0.08
15578546,0.1
15737792,0.4
15792489,0.04
15746802,0.12
15788151,0.05
15741728,0.01
15635752,0.03
15748882,0.02
15800228,0.07
15651336,0.01
15786170,0.02
15623489,0.37
15604818,0.07
15752047,0.07
15591386,0.02
15758477,0.03
15688210,0.25
15711977,0.18
15708162,0.11
15758306,0.0
15777830,0.04
15762855,0.19
15809838,0.13
15638774,0.11
15661974,0.27
15572956,0.01
15724648,0.09
15687540,0.01
15721582,0.15
15755978,0.0
15637977,0.13
15691504,0.86
15798906,0.04
15723873,0.02
15693996,0.27
15567063,0.16
15616240,0.01
15770719,0.29
15725835,0.07
15652180,0.0
15804950,0.02
15681327,0.0
15808780,0.09
15641604,0.8
15788683,0.3
15644699,0.09
15582591,0.3
15611786,0.32
15760825,0.03
15716324,0.12
15591248,0.04
15804064,0.05
15675231,0.11
15637717,0.13
15572073,0.0
15585367,0.77
15615254,0.17
15591711,0.21
15669262,0.1
15724251,0.27
15804787,0.08
15609319,0.13
15723717,0.58
15645463,0.02
15754494,0.16
15795527,0.14
15685826,0.0
15672467,0.15
15815271,0.79
15788183,0.34
15663888,0.02
15629617,0.01
15716236,0.0
15687765,0.46
15619304,0.81
15703177,0.02
15642710,0.01
15690925,0.21
15777033,0.09
15761554,0.34
15640133,0.0
15761713,0.53
15626679,0.0
15801817,0.09
15762793,0.09
15714610,0.0
15724663,0.06
15578878,0.05
15608873,0.71
15704581,0.01
15714057,0.03
15787907,0.74
15700601,0.09
15727489,0.42
15806438,0.43
15614818,0.16
15701175,0.02
15695078,0.0
15749345,0.22
15809823,0.22
15681206,0.54
15782089,0.18
15692931,0.01
15636023,0.46
15713596,0.53
15625759,0.0
15746749,0.1
15584580,0.24
15613734,0.02
15673055,0.03
15803976,0.19
15782144,0.01
15592994,0.12
15808868,0.72
15593736,0.77
15590146,0.26
15711316,0.09
15721462,0.05
15579616,0.14
15729489,0.18
15666270,0.18
15809663,0.01
15664907,0.33
15751137,0.12
15690456,0.06
15589221,0.1
15771383,0.47
15716082,0.16
15762048,0.01
15690134,0.44
15571571,0.53
15782899,0.19
15671139,0.11
15605447,0.38
15672016,0.01
15603942,0.8
15607577,0.04
15706647,0.45
15750407,0.28
15643378,0.15
15739931,0.11
15758750,0.19
15672798,0.4
15735849,0.03
15715877,0.02
15571550,0.1
15676513,0.17
15702300,0.01
15809722,0.09
15636912,0.06
15587596,0.15
15570060,0.28
15688637,0.04
15809124,0.01
15694453,0.04
15678910,0.09
15709780,0.03
15615624,0.03
15656293,0.05
15612071,0.07
15726695,0.1
15762937,0.19
15653857,0.0
15628123,0.08
15772412,0.17
15611058,0.3
15735025,0.07
15659355,0.0
15755868,0.06
15621064,0.09
15617252,0.24
15661626,0.41
15710527,0.28
15674840,0.02
15596972,0.09
15765846,0.06
15644296,0.06
15672132,0.18
15650258,0.22
15613097,0.0
15584620,0.39
15724620,0.03
15713975,0.86
15621409,0.02
15694300,0.01
15671609,0.02
15655464,0.37
15593280,0.21
15684645,0.13
15606855,0.01
15777576,0.1
15707042,0.07
15653404,0.12
15595831,0.54
15718843,0.23
15788659,0.07
15662574,0.07
15589401,0.02
15681026,0.2
15795275,0.37
15774536,0.07
15727353,0.77
15737489,0.5
15704657,0.19
15589018,0.03
15747265,0.17
15803685,0.11
15733597,0.28
15651533,0.77
15741180,0.19
15786463,0.53
15682728,0.01
15582168,0.51
15767064,0.15
15755521,0.2
15584766,0.07
15732884,0.06
15658057,0.61
15815070,0.4
15800215,0.0
15746902,0.03
15605916,0.9
15665963,0.06
15621834,0.14
15723411,0.04
15767488,0.0
15592412,0.64
15654230,0.24
15577178,0.41
15722902,0.39
15762803,0.02
15603683,0.23
15600724,0.33
15659710,0.03
15670492,0.01
15793346,0.04
15655274,0.05
15777211,0.19
15801169,0.55
15667462,0.08
15805704,0.52
15677123,0.0
15701972,0.01
15727421,0.01
15607746,0.04
15596405,0.02
15591698,0.74
15683027,0.04
15572038,0.54
15727391,0.06
15666675,0.18
15611157,0.14
15688849,0.84
15663933,0.16
15788494,0.06
15654106,0.07
15724536,0.03
15744717,0.12
15588406,0.01
15693264,0.0
15683416,0.8
15694765,0.76
15661036,0.03
15786717,0.03
15701121,0.03
15715643,0.04
15647725,0.9
15636872,0.18
15754849,0.07
15664881,0.08
15694129,0.21
15593782,0.77
15666823,0.21
15605684,0.05
15716994,0.1
15773723,0.17
15587978,0.16
15654760,0.11
15673238,0.66
15780140,0.05
15607598,0.0
15671514,0.15
15770498,0.13
15744983,0.28
15744046,0.0
15577170,0.3
15654372,0.08
15678210,0.04
15760431,0.0
15686913,0.05
15793455,0.88
15636767,0.28
15790744,0.06
15602405,0.34
15799494,0.17
15770576,0.16
15567993,0.08
15631339,0.04
15580227,0.0
15677184,0.08
15686964,0.24
15625761,0.77
15807239,0.26
15698246,0.04
15692918,0.15
15654463,0.02
15785547,0.13
15598070,0.11
15657529,0.44
15619801,0.05
15700650,0.01
15691785,0.81
15646859,0.47
15615991,0.11
15607690,0.57
15707322,0.47
15650313,0.45
15737961,0.08
15572174,0.06
15658195,0.07
15803457,0.02
15714970,0.22
15626806,0.04
15631310,0.63
15706587,0.21
15713843,0.03
15682322,0.02
15763922,0.03
15804131,0.62
15751084,0.07
15630551,0.1
15758856,0.11
15727408,0.09
15587394,0.15
15580684,0.05
15672970,0.03
15663826,0.18
15625047,0.34
15757865,0.04
15661034,0.26
15605215,0.14
15611024,0.06
15735400,0.18
15671973,0.01
15800688,0.21
15797113,0.01
15618363,0.02
15794414,0.17
15633516,0.23
15809616,0.0
15742116,0.5
15715117,0.35
15667451,0.0
15661219,0.0
15667085,0.0
15774586,0.45
15737452,0.82
15685245,0.21
15626143,0.02
15778320,0.33
15710375,0.04
15696733,0.02
15748595,0.09
15604515,0.12
15810944,0.01
15754919,0.24
15581525,0.2
15654975,0.28
15621687,0.05
15589230,0.3
15809909,0.33
15754526,0.26
15773098,0.04
15806926,0.0
15642885,0.13
15615140,0.02
15759555,0.01
15673584,0.02
15786389,0.09
15624592,0.0
15792668,0.06
15632263,0.03
15588537,0.36
15786237,0.01
15746410,0.0
15813168,0.76
15796813,0.33
15663830,0.01
15750410,0.03
15636423,0.16
15609562,0.47
15757912,0.41
15625311,0.39
15718057,0.75
15756305,0.19
15758362,0.26
15579062,0.02
15702912,0.43
15675963,0.06
15637411,0.0
15592716,0.74
15797905,0.16
15631685,0.47
15724145,0.24
15702416,0.19
15585427,0.17
15688691,0.25
15601026,0.19
15591428,0.03
15726791,0.26
15608408,0.03
15688395,0.0
15648638,0.04
15799925,0.11
15577423,0.49
15718289,0.49
15567834,0.29
15762228,0.04
15581551,0.05
15813327,0.08
15614782,0.09
15795228,0.04
15679551,0.33
15588456,0.18
15647453,0.14
15704160,0.74
15761023,0.69
15737265,0.34
15680436,0.02
15613844,0.08
15638963,0.23
15732967,0.16
15776631,0.05
15693543,0.09
15807889,0.7
15615896,0.01
15800773,0.19
15588341,0.2
15815628,0.15
15627162,0.32
15801548,0.1
15586931,0.15
15697183,0.08
15807768,0.1
15758035,0.27
15793425,0.2
15648800,0.34
15593943,0.3
15771674,0.2
15614168,0.73
15586523,0.25
15622494,0.01
15585388,0.11
15699797,0.27
15758073,0.1
15767954,0.03
15601857,0.82
15773890,0.02
15659694,0.24
15593295,0.21
15713094,0.02
15648030,0.23
15793842,0.16
15697625,0.05
15602312,0.03
15630113,0.02
15757829,0.37
15732020,0.15
15723989,0.03
15718531,0.05
15581197,0.35
15783816,0.02
15687527,0.05
15759250,0.59
15780746,0.21
15678206,0.34
15569209,0.16
15596647,0.28
15736371,0.03
15648461,0.01
15569451,0.07
15603914,0.01
15726466,0.3
15707219,0.09
15654300,0.1
15597131,0.07
15729362,0.17
15688984,0.18
15747097,0.02
15719348,0.14
15793135,0.1
15592816,0.77
15739502,0.12
15570134,0.23
15603319,0.2
15604706,0.13
15571940,0.05
15568506,0.12
15610271,0.28
15679297,0.55
15618182,0.07
15775809,0.17
15655590,0.11
15738174,0.05
15789669,0.21
15640258,0.05
15654859,0.66
15749004,0.08
15700394,0.1
15664547,0.08
15607560,0.09
15612444,0.01
15641158,0.17
15721715,0.48
15704795,0.11
15641480,0.02
15652401,0.01
15786035,0.01
15786852,0.32
15589754,0.25
15608804,0.62
15593128,0.55
15768095,0.06
15670163,0.02
15788930,0.23
15715796,0.03
15619343,0.36
15594041,0.19
15575691,0.15
15726403,0.49
15656005,0.19
15651369,0.01
15731166,0.02
15595010,0.02
15660980,0.0
15781505,0.17
15649423,0.04
15613945,0.04
15762762,0.83
15726631,0.26
15806945,0.06
15672397,0.04
15657284,0.51
15622305,0.04
15751748,0.57
15575492,0.04
15673439,0.25
15577107,0.51
15796218,0.03
15607381,0.13
15696539,0.04
15782758,0.13
15605424,0.05
15792228,0.66
15764073,0.17
15615020,0.26
15658980,0.32
15791452,0.01
15578809,0.21
15810444,0.47
15672574,0.21
15577905,0.0
15770711,0.06
15704586,0.15
15733842,0.1
15768072,0.25
15677921,0.69
15652266,0.12
15766734,0.12
15691387,0.12
15613292,0.04
15704910,0.03
15579994,0.08
15658052,0.26
15765487,0.25
15577771,0.29
15807555,0.08
15780256,0.01
15639004,0.02
15701522,0.11
15713637,0.07
15748069,0.13
15573319,0.16
15753079,0.69
15608166,0.02
15668818,0.38
15749583,0.62
15578006,0.05
15581370,0.02
15755330,0.14
15780254,0.18
15664681,0.18
15757559,0.51
15709232,0.35
15666032,0.12
15660541,0.06
15634974,0.77
15690007,0.66
15763093,0.31
15791030,0.01
15721189,0.0
15761141,0.03
15576263,0.46
15773639,0.2
15625941,0.24
15644453,0.4
15808182,0.07
15614740,0.1
15597385,0.01
15811842,0.03
15656484,0.01
15572360,0.1
15583850,0.45
15751022,0.12
15638989,0.36
15773071,0.16
15725355,0.3
15576162,0.01
15664734,0.06
15594349,0.32
15608886,0.01
15686670,0.01
15695148,0.03
15765257,0.02
15605673,0.03
15807900,0.17
15704466,0.04
15583137,0.11
15691625,0.34
15766017,0.17
15701037,0.0
15676242,0.04
15662884,0.52
15644446,0.08
15671591,0.73
15621685,0.02
15574296,0.03
15656121,0.06
15781129,0.01
15772216,0.3
15583718,0.38
15607993,0.58
15627305,0.18
15771222,0.16
15724834,0.02
15580487,0.02
15565879,0.06
15620372,0.01
15659931,0.84
15742668,0.14
15720676,0.04
15714832,0.33
15769064,0.42
15704987,0.78
15802106,0.24
15761102,0.3
15769312,0.11
15801218,0.16
15717937,0.48
15606177,0.0
15694296,0.03
15570601,0.6
15696388,0.3
15729958,0.13
15692235,0.04
15674110,0.2
15631868,0.03
15810418,0.71
15622585,0.03
15707681,0.03
15756071,0.03
15736299,0.08
15567114,0.08
15698953,0.46
15591980,0.03
15767432,0.32
15808674,0.82
15722037,0.21
15725737,0.14
15647203,0.53
15777076,0.0
15592937,0.3
15809654,0.1
15697597,0.04
15654379,0.03
15591915,0.17
15675190,0.05
15616550,0.3
15741403,0.34
15756155,0.01
15585768,0.08
15762882,0.06
15610090,0.07
15719479,0.08
15730447,0.22
15743016,0.16
15728542,0.13
15619953,0.29
15691792,0.14
15777784,0.33
15713370,0.17
15631162,0.05
15782608,0.06
15634491,0.09
15704788,0.51
15644882,0.21
15689425,0.04
15812767,0.09
15770255,0.22
15742019,0.03
15679611,0.19
15681446,0.22
15640865,0.04
15791216,0.58
15630704,0.15
15715519,0.02
15737732,0.3
15582154,0.21
15664737,0.04
15649136,0.02
15586264,0.32
15652955,0.07
15803801,0.25
15796496,0.11
15769548,0.15
15786680,0.01
15700627,0.75
15675926,0.26
15656912,0.35
15732704,0.08
15708063,0.52
15583303,0.06
15673367,0.3
15602497,0.07
15674720,0.28
15752488,0.05
15592123,0.07
15701524,0.04
15573769,0.04
15634267,0.01
15749177,0.24
15642336,0.16
15641850,0.16
15684769,0.24
15645271,0.11
15598086,0.67
15807432,0.16
15777893,0.19
15624424,0.14
15752809,0.23
15619955,0.56
15636396,0.04
15792176,0.24
15731781,0.04
15803749,0.17
15768566,0.01
15650924,0.09
15747043,0.03
15668943,0.0
15708710,0.17
15761340,0.01
15762351,0.07
15681410,0.1
15627637,0.13
15773276,0.61
15685096,0.14
15786196,0.83
15637774,0.13
15675749,0.02
15605665,0.18
15716164,0.23
15805112,0.09
15580953,0.02
15626898,0.08
15581295,0.66
15632275,0.05
15657881,0.01
15569222,0.06
15798885,0.3
15726310,0.02
15786153,0.46
15605059,0.73
15610686,0.73
15598982,0.64
15702741,0.05
15611756,0.51
15750497,0.2
15676404,0.81
15642099,0.05
15660417,0.7
15749265,0.45
15658675,0.19
15706021,0.11
15811762,0.82
15652674,0.13
15643635,0.03
15807728,0.66
15810826,0.01
15802256,0.14
15698791,0.29
15640266,0.07
15809901,0.01
15574283,0.0
15754012,0.07
15791045,0.0
15641122,0.0
15756333,0.03
15586870,0.2
15682757,0.01
15633897,0.09
15571065,0.14
15615828,0.02
15755241,0.58
15616172,0.02
15699619,0.05
15688071,0.4
15585865,0.27
15722425,0.0
15619857,0.34
15718921,0.04
15790247,0.04
15688951,0.2
15766683,0.19
15583371,0.06
15667417,0.13
15795151,0.18
15728885,0.24
15643903,0.08
15661526,0.12
15691906,0.55
15766163,0.02
15760749,0.08
15800856,0.03
15672821,0.0
15604138,0.16
15720662,0.13
15732102,0.07
15628219,0.31
15812198,0.77
15666043,0.1
15753343,0.06
15717643,0.05
15615032,0.02
15574324,0.18
15724334,0.11
15687413,0.08
15661007,0.19
15667896,0.06
15625592,0.01
15748123,0.03
15682834,0.07
15591509,0.03
15708608,0.21
15794580,0.73
15656351,0.27
15676571,0.53
15757425,0.06
15798024,0.11
15688563,0.09
15585066,0.34
15629985,0.49
15666982,0.49
15723884,0.04
15588944,0.52
15639530,0.25
15615444,0.01
15659420,0.01
15716334,0.25
15618774,0.64
15682048,0.5
15775703,0.02
15656921,0.11
15716800,0.0
15777616,0.47
15677020,0.53
15732832,0.1
15727281,0.0
15597951,0.46
15697844,0.32
15723400,0.0
15680752,0.62
15718765,0.22
15770995,0.64
15642912,0.32
15598097,0.14
15599976,0.01
15596797,0.02
15694192,0.05
15665378,0.28
15701280,0.0
15741719,0.39
15713250,0.0
15694601,0.18
15673372,0.55
15711540,0.13
15611635,0.15
15705448,0.39
15606229,0.02
15703354,0.11
15585595,0.11
15567333,0.0
15599792,0.1
15802758,0.17
15616028,0.19
15788556,0.2
15776223,0.31
15774164,0.02
15732307,0.1
15727919,0.16
15738411,0.0
15623972,0.17
15700353,0.0
15685314,0.05
15657306,0.46
15787655,0.08
15591550,0.18
15580149,0.04
15665159,0.32
15796612,0.15
15804771,0.44
15577657,0.04
15757759,0.7
15782574,0.0
15579183,0.14
15705657,0.32
15571193,0.41
15615296,0.41
15567557,0.01
15766289,0.2
15747542,0.03
15624993,0.16
15732778,0.07
15624820,0.73
15728010,0.01
15778694,0.03
15636977,0.74
15790763,0.32
15734610,0.76
15629885,0.13
15667190,0.1
15807923,0.44
15789432,0.38
15812611,0.05
15616330,0.03
15778190,0.19
15714586,0.14
15781975,0.01
15811327,0.23
15698839,0.17
15573876,0.12
15722212,0.25
15729224,0.04
15690796,0.1
15718944,0.04
15626900,0.09
15603880,0.49
15706602,0.21
15631927,0.01
15723721,0.04
15772601,0.21
15639662,0.06
15765014,0.28
15575391,0.03
15751412,0.02
15737888,0.15
15593501,0.07
15784010,0.21
15679642,0.01
15741416,0.41
15796958,0.01
15796787,0.32
15621870,0.65
15742681,0.16
15622003,0.01
15718507,0.07
15671104,0.29
15755416,0.0
15769346,0.03
15772482,0.58
15787619,0.22
15732943,0.12
15708256,0.01
15709199,0.23
15633648,0.35
15665222,0.5
15680303,0.72
15665374,0.2
15729836,0.04
15600478,0.2
15572291,0.15
15755178,0.6
15800845,0.09
15711288,0.01
15682489,0.07
15585867,0.02
15635097,0.04
15663421,0.01
15791304,0.06
15724443,0.19
15750929,0.0
15801351,0.07
15590199,0.03
15769254,0.29
15576623,0.01
15609987,0.2
15793478,0.34
15786167,0.06
15758252,0.26
15681115,0.05
15749482,0.18
15661473,0.66
15594685,0.3
15632576,0.02
15651020,0.13
15617655,0.01
15609643,0.21
15577402,0.01
15755239,0.06
15633608,0.03
15718773,0.01
15802362,0.22
15700813,0.13
15709861,0.08
15689692,0.1
15676433,0.26
15641994,0.79
15591766,0.04
15806081,0.63
15795511,0.32
15649183,0.51
15651585,0.19
15695585,0.07
15663942,0.02
15669589,0.42
15791769,0.12
15600379,0.03
15745001,0.04
15809847,0.13
15714391,0.44
15691863,0.02
15801293,0.16
15807563,0.86
15581323,0.07
15793424,0.05
15570414,0.2
15761348,0.01
15769051,0.07
15692110,0.43
15684440,0.21
15655389,0.23
15569759,0.84
15788025,0.19
15766887,0.05
15690526,0.02
15669281,0.13
15617486,0.6
15744529,0.16
15776807,0.07
15658852,0.0
15650391,0.21
15623102,0.05
15584505,0.22
15611318,0.08
15634606,0.06
15581505,0.0
15570681,0.04
15805909,0.24
15608209,0.1
15740404,0.02
15738191,0.01
15725906,0.2
15791535,0.03
15753840,0.26
15627514,0.08
15704819,0.25
15750121,0.27
15658459,0.07
15666856,0.43
15724200,0.06
15803365,0.12
15625698,0.08
15702014,0.07
15671610,0.02
15745794,0.04
15645371,0.4
15658169,0.44
15648725,0.04
15588219,0.08
15589420,0.25
15622729,0.05
15649738,0.15
15648069,0.08
15641690,0.02
15794253,0.22
15738018,0.04
15588918,0.06
15747558,0.08
15675501,0.23
15792222,0.17
15617432,0.27
15796834,0.04
15657535,0.03
15648005,0.01
15768367,0.24
15645517,0.03
15709256,0.07
15783865,0.18
15618926,0.01
15709222,0.03
15761286,0.3
15801924,0.03
15629750,0.08
15721569,0.55
15626475,0.0
15693683,0.07
15665129,0.06
15634551,0.92
15761018,0.43
15583364,0.14
15668235,0.16
15669491,0.41
15699598,0.0
15775562,0.02
15628963,0.08
15784097,0.1
15686776,0.17
15663410,0.81
15714256,0.02
15781619,0.39
15587299,0.93
15671032,0.27
15618765,0.56
15658548,0.3
15576526,0.04
15700366,0.04
15592578,0.38
15571778,0.79
15690330,0.27
15611848,0.09
15616555,0.35
15700209,0.18
15690664,0.0
15795963,0.02
15763327,0.04
15797748,0.1
15628947,0.02
15631392,0.07
15607877,0.0
15569249,0.88
15658670,0.02
15757434,0.05
15635285,0.09
15668081,0.04
15677288,0.19
15800366,0.07
15677371,0.24
15566543,0.06
15618816,0.25
15750803,0.09
15620268,0.34
15793890,0.43
15665088,0.14
15730059,0.07
15787830,0.15
15689031,0.25
15791767,0.03
15571666,0.29
15759991,0.08
15692443,0.08
15600280,0.04
15583849,0.23
15620111,0.4
15731569,0.18
15667093,0.14
15754926,0.0
15759733,0.04
15762821,0.0
15756125,0.18
15579787,0.0
15648272,0.07
15619514,0.29
15594456,0.15
15653937,0.88
15768455,0.04
15569670,0.09
15635597,0.01
15785042,0.09
15694408,0.32
15652914,0.05
15608845,0.13
15803378,0.07
15695699,0.01
15643048,0.09
15642937,0.3
15581229,0.25
15636592,0.16
15791780,0.75
15606554,0.05
15716000,0.05
15667602,0.03
15659568,0.07
15640866,0.18
15690079,0.01
15648067,0.04
15624703,0.14
15609521,0.04
15620758,0.02
15745326,0.76
15755077,0.07
15671930,0.02
15585241,0.13
15644833,0.88
15777459,0.12
15681081,0.13
15729689,0.01
15641170,0.1
15567431,0.11
15630580,0.18
15661745,0.05
15628972,0.62
15595047,0.1
15580682,0.01
15733966,0.4
15669994,0.2
15712403,0.88
15643819,0.04
15644962,0.05
