cudtid,gender
3500,0.5000413992709587
3501,0.4919457070852832
3502,0.49165116285702415
3503,0.5002614159785268
3504,0.49847153061011423
3505,0.501289871160675
3506,0.48870499373711584
3507,0.5010675429806534
3508,0.5000664772401509
3509,0.5096606562183172
3510,0.4880618350742712
3511,0.4957188544650762
3512,0.49864179104991474
3513,0.496445271551229
3514,0.49507184644845004
3515,0.49967627986779967
3516,0.4870460235057499
3517,0.4982494983383223
3518,0.49738221170402847
3519,0.5010048500309008
3520,0.49891832918807405
3521,0.5012303062978392
3522,0.5022968922355583
3523,0.4984129468045432
3524,0.5039744376217518
3525,0.502039265104428
3526,0.49553824945293795
3527,0.5076705872768958
3528,0.5000331195746416
3529,0.5001206402466075
3530,0.49265439928926136
3531,0.5041820590160001
3532,0.4969851003887226
3533,0.49657554011957816
3534,0.49945470421812443
3535,0.49332120799830337
3536,0.5058032640640647
3537,0.5006967505456394
3538,0.4943067785701471
3539,0.5010675429806534
3540,0.4961423095756981
3541,0.4916877373356135
3542,0.4934794920214956
3543,0.4953780462454299
3544,0.49813452110505313
3545,0.49854207479512386
3546,0.49350162094443145
3547,0.44564089883420316
3548,0.5030403063027028
3549,0.49375968904205986
3550,0.49708188771104883
3551,0.49945470421812443
3552,0.49748754785651794
3553,0.4921876397340625
3554,0.4973545439589832
3555,0.4955215406194727
3556,0.5032886449495367
3557,0.49095318349236355
3558,0.49902714083765876
3559,0.4948403562266056
3560,0.4986457482355119
3561,0.4964650632832767
3562,0.49633847731624614
3563,0.49523306053023863
3564,0.49963531396158983
3565,0.5012958381291778
3566,0.4854049029736173
3567,0.5011863628533215
3568,0.4950180855906987
3569,0.5019962040122306
3570,0.49741606780576303
3571,0.496490254114214
3572,0.5030403063027028
3573,0.49526694106537517
3574,0.49713372300683645
3575,0.5030403063027028
3576,0.498301465030747
3577,0.4964201943371088
3578,0.49756666870462773
3579,0.4974322076771814
3580,0.5012958381291778
3581,0.5021790447045186
3582,0.5146735193440068
3583,0.5116586920767123
3584,0.5008832532825821
3585,0.4974365973528394
3586,0.4439143411830249
3587,0.6657602644882894
3588,0.49326733849631516
3589,0.5010048500309008
3590,0.49860961670922926
3591,0.49577940945428994
3592,0.5010675429806534
3593,0.5012989756463504
3594,0.493399790071924
3595,0.506094347575928
3596,0.49506922367091694
3597,0.4936145515347857
3598,0.49836594002271634
3599,0.5009202146642242
3600,0.5025172780942293
3601,0.49466888139711085
3602,0.4947811605102314
3603,0.5075849437991302
3604,0.4981677027384853
3605,0.4915939203726925
3606,0.506094347575928
3607,0.496135602333425
3608,0.4926713655839012
3609,0.49724800623666426
3610,0.4983348223191597
3611,0.5012820875690299
3612,0.5010675429806534
3613,0.4925104520068985
3614,0.4970905259552731
3615,0.49421673229200536
3616,0.4979121951641224
3617,0.5054761439319405
3618,0.4995582130593153
3619,0.49082368253491504
3620,0.3707635003556491
3621,0.504068771326488
3622,0.49915905856387105
3623,0.5006837895115158
3624,0.4925476213625424
3625,0.4969507146361589
3626,0.5016386985538692
3627,0.494438304464042
3628,0.5030306025327245
3629,0.4878085189371889
3630,0.4993034959129525
3631,0.5032685936396883
3632,0.5003412741501613
3633,0.49181429540242433
3634,0.4931121956948733
3635,0.4950713205722574
3636,0.4973009574910822
3637,0.49665733302359744
3638,0.32586415902709714
3639,0.5106209890628678
3640,0.4961061906013398
3641,0.4935562144617402
3642,0.5078286731030153
3643,0.4927732648405983
3644,0.49854207479512386
3645,0.5004173923911603
3646,0.4887548024244487
3647,0.4977586638083039
3648,0.5030403063027028
3649,0.503130446093496
3650,0.49140905105577953
3651,0.5011541884458229
3652,0.4963577892027727
3653,0.5108769745430815
3654,0.4998661735300596
3655,0.49822931507452006
3656,0.5014814581657819
3657,0.49504547078625943
3658,0.48880906818465353
3659,0.49386310547898465
3660,0.49350162094443145
3661,0.49818749520244376
3662,0.4959311000070989
3663,0.49933588391563344
3664,0.4992565418842783
3665,0.5036332484920112
3666,0.5054761439319405
3667,0.4918793933752318
3668,0.4883038848915919
3669,0.4978890635169833
3670,0.4951497299905442
3671,0.5021790447045186
3672,0.493399790071924
3673,0.5019449267940764
3674,0.497611338068024
3675,0.4958457886992788
3676,0.49797920520141353
3677,0.5031924785324701
3678,0.49687304652585024
3679,0.502065813853033
3680,0.4959935043267252
3681,0.5127022012108824
3682,0.4979978844069345
3683,0.4907105740879316
3684,0.4951965503535959
3685,0.4982692908253542
3686,0.49228551591071823
3687,0.4939460956391744
3688,0.4938717112898335
3689,0.5010675429806534
3690,0.49854207479512386
3691,0.4937900791005264
3692,0.4543570386750298
3693,0.4968155867145937
3694,0.49246153012731897
3695,0.5078383748487081
3696,0.5003076152953184
3697,0.496250048150555
3698,0.49268190810754753
3699,0.5039744376217518
3700,0.4971058036353255
3701,0.4963577892027727
3702,0.4973511903403959
3703,0.5013086797079965
3704,0.5018532671790926
3705,0.5011699084690064
3706,0.49745638956351024
3707,0.4896816476658485
3708,0.4878232479469376
3709,0.4947246006121613
3710,0.4974287566448693
3711,0.4920903677398226
3712,0.4996438441678415
3713,0.44971265953037204
3714,0.4998872506184535
3715,0.4928054238021619
3716,0.49292579372368206
3717,0.4990953207547536
3718,0.4904982853363185
3719,0.49378047094786576
3720,0.5019449267940764
3721,0.4989905684981975
3722,0.4926370465612507
3723,0.4960439176033417
3724,0.5041217568631354
3725,0.49730041736696695
3726,0.5010675429806534
3727,0.5000664772401509
3728,0.49888497168320095
3729,0.49933588391563344
3730,0.4990320534215986
3731,0.49675762688361064
3732,0.4964292945715453
3733,0.5078178808323283
3734,0.4926172581379962
3735,0.49415433234222217
3736,0.48983452808808553
3737,0.5032685936396883
3738,0.4948852227073617
3739,0.5013086797079965
3740,0.4998661735300596
3741,0.5011417346641541
3742,0.4973384705176323
3743,0.5012606725492107
3744,0.49633847731624614
3745,0.5014101474965049
3746,0.4994450001022398
3747,0.4960051184930619
3748,0.4871976238459226
3749,0.5021299494609128
3750,0.4998924031699355
3751,0.5010675429806534
3752,0.4979090188789634
3753,0.5064143851278955
3754,0.49891568180864365
3755,0.4994129726640213
3756,0.5009005975810567
3757,0.5015042275349126
3758,0.4990327738532381
3759,0.49860961670922926
3760,0.4974322076771814
3761,0.49713372300683645
3762,0.4952528514655397
3763,0.4829454958524692
3764,0.5041026694382571
3765,0.2924353952369089
3766,0.5000331195746416
3767,0.5016075186401074
3768,0.4968306622821447
3769,0.4991603958457445
3770,0.5030403063027028
3771,0.4930891593942589
3772,0.4991687626643696
3773,0.4991382569032987
3774,0.49157728816910407
3775,0.49905301495618665
3776,0.5012989756463504
3777,0.49657554011957816
3778,0.491405247720675
3779,0.4973545439589832
3780,0.5012958381291778
3781,0.4994450001022398
3782,0.497153339514784
3783,0.4988343947141003
3784,0.5012624806816635
3785,0.5002062593171455
3786,0.49657554011957816
3787,0.5032255336623039
3788,0.5012958381291778
3789,0.4938288685879231
3790,0.48986477691353303
3791,0.48746714803646085
3792,0.49534957510396915
3793,0.5029409062735286
3794,0.49562322896025085
3795,0.4952862465346528
3796,0.4904358996326959
3797,0.49951167132620994
3798,0.49933588391563344
3799,0.5057465540019814
3800,0.491176860353502
3801,0.4636163644920488
3802,0.4865354349694715
3803,0.4926370465612507
3804,0.49536985222856517
3805,0.5139605081976553
3806,0.501289871160675
3807,0.48926105567624556
3808,0.5014274992947132
3809,0.497006626466116
3810,0.49901214648717657
3811,0.5013086797079965
3812,0.5018389644061291
3813,0.49708113523658237
3814,0.49415433234222217
3815,0.5049739015389925
3816,0.4970785982239397
3817,0.4959482241382698
3818,0.49411543907179534
3819,0.4952060959897551
3820,0.49776774073669233
3821,0.5004473973030288
3822,0.49996658300409574
3823,0.49436841350257593
3824,0.4870264774486332
3825,0.5025914331200855
3826,0.49485345498726946
3827,0.4970330178957167
3828,0.4955341741642691
3829,0.49917243555467145
3830,0.5078383748487081
3831,0.494820565615483
3832,0.4957050194590175
3833,0.49436841350257593
3834,0.49269394382385495
3835,0.49222041032114666
3836,0.4904556851326438
3837,0.49415433234222217
3838,0.5026419246198621
3839,0.5007180953292005
3840,0.49620782867008173
3841,0.49268190810754753
3842,0.4974365973528394
3843,0.4914915815036786
3844,0.4984259733278282
3845,0.4863548498430489
3846,0.49898988724284565
3847,0.484251962543436
3848,0.4982719100387074
3849,0.5030403063027028
3850,0.4938414731171798
3851,0.49224921603100974
3852,0.5007291373196737
3853,0.5061040502595779
3854,0.5013988222704792
3855,0.49060237523968914
3856,0.501417795245642
3857,0.49367308643917457
3858,0.49665733302359744
3859,0.4985297591620807
3860,0.5083731212035245
3861,0.48163899843635605
3862,0.4975284484953349
3863,0.4963917463544536
3864,0.5002823775837817
3865,0.5000664772401509
3866,0.5041314603297661
3867,0.502065813853033
3868,0.499919148341629
3869,0.5007516077265356
3870,0.4898637562289429
3871,0.49685534900143224
3872,0.4980310136849149
3873,0.4999501051370929
3874,0.5009105105691151
3875,0.4898874282559585
3876,0.49770895538574544
3877,0.5007409331907414
3878,0.5011176029684915
3879,0.5000664772401509
3880,0.5000664772401509
3881,0.49060237523968914
3882,0.49733287793730024
3883,0.4990320534215986
3884,0.491011826094223
3885,0.4985637579585957
3886,0.5010258115559173
3887,0.4959935043267252
3888,0.49461191081419503
3889,0.49587650100854425
3890,0.49933588391563344
3891,0.49754707676002546
3892,0.48032347652315593
3893,0.4888203482809315
3894,0.48833645413948185
3895,0.3675823739305053
3896,0.49230820150464977
3897,0.49067203350158306
3898,0.5009005975810567
3899,0.4974365973528394
3900,0.5009005975810567
3901,0.4966462031479043
3902,0.4961623507653967
3903,0.49646748192130513
3904,0.49918802941195317
3905,0.49860961670922926
3906,0.5040717735828482
3907,0.4517869189473379
3908,0.4995766419114729
3909,0.4982597339166284
3910,0.49313609752302184
3911,0.48870499373711584
3912,0.5030403063027028
3913,0.49933588391563344
3914,0.4941252240801388
3915,0.4942552811178274
3916,0.4952528514655397
3917,0.49933588391563344
3918,0.502039265104428
3919,0.4937829220346305
3920,0.5059302521363676
3921,0.4993499113348287
3922,0.5020637453609834
3923,0.6793343783821493
3924,0.5010675429806534
3925,0.4928750922098667
3926,0.49860961670922926
3927,0.4885018812511249
3928,0.4977586638083039
3929,0.5005926376949512
3930,0.49696514036771594
3931,0.4920903677398226
3932,0.49507184644845004
3933,0.49945470421812443
3934,0.4920389788067709
3935,0.49299180129691134
3936,0.36032988680624467
3937,0.37264014131900464
3938,0.5009535722129429
3939,0.4981677027384853
3940,0.4991687626643696
3941,0.4932383964728364
3942,0.49105442805076516
3943,0.4940975942713955
3944,0.4875852963083777
3945,0.4957770749749563
3946,0.4987091739280196
3947,0.4869504712554149
3948,0.4978988462855972
3949,0.499919148341629
3950,0.4970338732825308
3951,0.5021398623007599
3952,0.49485897991050065
3953,0.4989974781022428
3954,0.5090947682831855
3955,0.49433701103241606
3956,0.4942726597887813
3957,0.49813046594305366
3958,0.49517104033248116
3959,0.49391114536086594
3960,0.502039265104428
3961,0.5050405856060269
3962,0.4987810798702058
3963,0.49105442805076516
3964,0.4994462168590147
3965,0.4992734373393966
3966,0.4930891593942589
3967,0.49466888139711085
3968,0.5010675429806534
3969,0.49283566030503456
3970,0.4948451795768098
3971,0.36180722033637025
3972,0.49905301495618665
3973,0.5088098370236607
3974,0.49918802941195317
3975,0.5010258115559173
3976,0.4994603933657624
3977,0.5044260615506322
3978,0.5022334098091675
3979,0.5076705872768958
3980,0.49560317880645965
3981,0.4905431404258964
3982,0.4929987164609774
3983,0.49920567885380046
3984,0.5014529499687033
3985,0.49088607004664303
3986,0.49222041032114666
3987,0.5454497736058717
3988,0.49656932533001824
3989,0.5030403063027028
3990,0.49747975013588236
3991,0.5041314603297661
3992,0.4936571602932104
3993,0.49313402209519824
3994,0.4920351595475081
3995,0.49731974945715746
3996,0.4964060162227186
3997,0.4938138436867188
3998,0.5013086797079965
3999,0.509790065796501
4000,0.5020960496909621
4001,0.49817722824076893
4002,0.49670860878144507
4003,0.4982969324356486
4004,0.49858388684956384
4005,0.49466888139711085
4006,0.49905301495618665
4007,0.4986938582392883
4008,0.493095850907097
4009,0.49849531547313486
4010,0.4954540036581168
4011,0.5000664772401509
4012,0.5000234154470397
4013,0.4997919577940708
4014,0.4918402227727948
4015,0.49651788640489786
4016,0.4916374545202814
4017,0.49971089915622574
4018,0.49502608443692686
4019,0.5014296497442446
4020,0.4926172581379962
4021,0.4995641800631171
4022,0.5018389644061291
4023,0.5013269559573907
4024,0.499919148341629
4025,0.49488512651081534
4026,0.5010156928852831
4027,0.49933588391563344
4028,0.4948242176509429
4029,0.49088607004664303
4030,0.48583508165780126
4031,0.4931163085368782
4032,0.49581549370246814
4033,0.502039265104428
4034,0.49836039914010977
4035,0.5013988222704792
4036,0.500964415071705
4037,0.4898874282559585
4038,0.49232116034397416
4039,0.49240319681689
4040,0.5059993701285312
4041,0.491405247720675
4042,0.4959737128769662
4043,0.4957050194590175
4044,0.5004794247555068
4045,0.5016767549267153
4046,0.4990201010461072
4047,0.4959482241382698
4048,0.4965573321241386
4049,0.49577940945428994
4050,0.49556770037275005
4051,0.4988361150794542
4052,0.49084346860960776
4053,0.494028139392577
4054,0.4964360938159912
4055,0.495177433700217
4056,0.5043230096768904
4057,0.49554117974593587
4058,0.5016097130855083
4059,0.5064149645514869
4060,0.49897768545649573
4061,0.4990320534215986
4062,0.5010048500309008
4063,0.49918802941195317
4064,0.5010675429806534
4065,0.5087559969347326
4066,0.49577563591461327
4067,0.49246153012731897
4068,0.48737132122715215
4069,0.5002311796242073
4070,0.4941969422221426
4071,0.49926008998269245
4072,0.48872021630748025
4073,0.4902145988487801
4074,0.4957050194590175
4075,0.505193785284013
4076,0.4983542103671272
4077,0.49860961670922926
4078,0.49905301495618665
4079,0.3310082683229549
4080,0.49928775843585776
4081,0.48926105567624556
4082,0.49745638956351024
4083,0.49313414873026806
4084,0.4892461231762049
4085,0.49918153668933823
4086,0.5042969924297973
4087,0.4990199484700512
4088,0.499438056311439
4089,0.49185960588193095
4090,0.4995598419770344
4091,0.4997039620756399
4092,0.5072468011650717
4093,0.5005926376949512
4094,0.5022230528795625
4095,0.49525033934787144
4096,0.5007180953292005
4097,0.5025654146315819
4098,0.5004173923911603
4099,0.5004891288740363
4100,0.5045179331993683
4101,0.504068771326488
4102,0.49375968904205986
4103,0.4936906575525474
4104,0.4904556851326438
4105,0.50024766533056
4106,0.48451860954103143
4107,0.5000975952815887
4108,0.49997419981829544
4109,0.49670860878144507
4110,0.4937900791005264
4111,0.501531007330767
4112,0.49562322896025085
4113,0.5005041948925723
4114,0.6714460156461328
4115,0.5000331195746416
4116,0.5019826230541715
4117,0.5038966842737048
4118,0.4957050194590175
4119,0.49720162708638854
4120,0.49779185284041255
4121,0.5080606480641092
4122,0.5003123032353026
4123,0.49915905856387105
4124,0.5088098370236607
4125,0.4958457886992788
4126,0.4904556851326438
4127,0.49517106231659375
4128,0.48885166258016677
4129,0.5019962040122306
4130,0.4946541691277646
4131,0.49939705861848405
4132,0.49830093910952783
4133,0.49698440646200376
4134,0.5000234154470397
4135,0.4917269762844241
4136,0.5000362408788135
4137,0.5005005844834235
4138,0.4945729170114253
4139,0.5000234154470397
4140,0.49916893824257574
4141,0.49421673229200536
4142,0.49365329689139686
4143,0.49168126625287295
4144,0.5078383748487081
4145,0.5180448664135403
4146,0.49860961670922926
4147,0.5002031869155183
4148,0.4990320534215986
4149,0.5010675429806534
4150,0.4983411394329976
4151,0.49945470421812443
4152,0.5034859270604796
4153,0.49935949337860186
4154,0.4989150357778737
4155,0.4973253808529316
4156,0.4990414255294471
4157,0.5013711539712621
4158,0.4990018171768258
4159,0.49146683774560995
4160,0.5010675429806534
4161,0.4957050194590175
4162,0.5004891288740363
4163,0.5024990345675208
4164,0.5030403063027028
4165,0.5003076152953184
4166,0.5009105105691151
4167,0.5002062593171455
4168,0.49924795315278964
4169,0.4982969324356486
4170,0.4935879638627453
4171,0.49933588391563344
4172,0.49442222400707225
4173,0.4988566320401134
4174,0.5032113510203783
4175,0.5005242856579453
4176,0.49766589451346466
4177,0.4930891593942589
4178,0.49579629385619106
4179,0.49704430037148734
4180,0.49367000616045614
4181,0.4866709847381926
4182,0.49772666927382114
4183,0.4928502857870491
4184,0.4942552811178274
4185,0.4950611999468745
4186,0.49744345010121416
4187,0.4978128802828138
4188,0.5059376057804603
4189,0.49767084376010756
4190,0.48870499373711584
4191,0.49561003120537783
4192,0.5030403063027028
4193,0.4940392907987411
4194,0.4964752728345895
4195,0.4986891470305625
4196,0.5010258115559173
4197,0.4957494081571494
4198,0.5019809617175552
4199,0.48875561195271044
4200,0.5018766961634541
4201,0.49945470421812443
4202,0.49060237523968914
4203,0.49905301495618665
4204,0.5007180953292005
4205,0.4902454743174464
4206,0.5078178808323283
4207,0.4961878396757841
4208,0.49996658300409574
4209,0.5028733660947851
4210,0.49350162094443145
4211,0.49378312855183504
4212,0.5019962040122306
4213,0.49386310547898465
4214,0.49441105438738847
4215,0.4952528514655397
4216,0.49969531620594443
4217,0.4924655909176686
4218,0.4983584315641527
4219,0.5020059079844335
4220,0.5002062593171455
4221,0.49456704485086117
4222,0.5007532690854894
4223,0.49363533323697545
4224,0.4957257066392151
4225,0.4934177702496685
4226,0.4972729961849751
4227,0.5027078273913588
4228,0.5050087788046531
4229,0.4982494983383223
4230,0.49933588391563344
4231,0.5012508381783878
4232,0.4981677027384853
4233,0.4939805470206286
4234,0.4923217080478134
4235,0.49801859916767144
4236,0.49363101862187064
4237,0.5152659564212131
4238,0.5043230096768904
4239,0.5009535722129429
4240,0.49350162094443145
4241,0.49648777239507624
4242,0.4954667461496299
4243,0.49298170575169264
4244,0.4973174850958684
4245,0.4955213886000366
4246,0.5003076152953184
4247,0.49963531396158983
4248,0.4909091030982181
4249,0.5022968922355583
4250,0.486636722151587
4251,0.4992546287058207
4252,0.4968728130135908
4253,0.4971173131803636
4254,0.5051204296530515
4255,0.49698396388789196
4256,0.48842135016214866
4257,0.49499273009431294
4258,0.5013086797079965
4259,0.509790065796501
4260,0.4992572025842939
4261,0.49852296479034897
4262,0.492678827995532
4263,0.5012527766154238
4264,0.5043597402931718
4265,0.4852335571149252
4266,0.5085036966463955
4267,0.4926370465612507
4268,0.4900511795402877
4269,0.49685252253120055
4270,0.49774895987651424
4271,0.5060791072989858
4272,0.49224921603100974
4273,0.5044868415580726
4274,0.5009202146642242
4275,0.499530544570779
4276,0.5010675429806534
4277,0.4999609687500469
4278,0.49350162094443145
4279,0.5003123032353026
4280,0.5000331195746416
4281,0.49928236899910944
4282,0.49902714083765876
4283,0.495678955003913
4284,0.5030403063027028
4285,0.49390202339190353
4286,0.491586743093979
4287,0.5000331195746416
4288,0.49918802941195317
4289,0.49916893824257574
4290,0.5005700268315684
4291,0.49593160167262895
4292,0.5078178808323283
4293,0.5039645252259668
4294,0.22148481805100503
4295,0.4964821306575841
4296,0.4987303833331477
4297,0.4965557483264866
4298,0.4915565089491777
4299,0.5002031869155183
4300,0.5387125111798817
4301,0.4948261788965499
4302,0.48404264197060026
4303,0.4986896098478863
4304,0.49829176101574113
4305,0.4992734373393966
4306,0.49813452110505313
4307,0.4937026890449927
4308,0.49745638956351024
4309,0.4926370465612507
4310,0.4959935043267252
4311,0.5024522044123286
4312,0.49646748192130513
4313,0.4998471007779723
4314,0.49490228915054896
4315,0.5053607127329274
4316,0.5002645535159567
4317,0.5021769563945726
4318,0.4959311000070989
4319,0.5003221829376496
4320,0.4932383964728364
4321,0.49918802941195317
4322,0.5004173923911603
4323,0.4941252240801388
4324,0.4995407253027485
4325,0.49826409283243783
4326,0.4985806460107098
4327,0.5002031869155183
4328,0.4982969324356486
4329,0.4905978650196088
4330,0.4974394238607656
4331,0.49155018951438706
4332,0.49905301495618665
4333,0.4965223922588835
4334,0.49757339772522324
4335,0.4936864323511844
4336,0.5010675429806534
4337,0.5003320959539802
4338,0.5061040502595779
4339,0.48874950510443094
4340,0.4948403562266056
4341,0.5010675429806534
4342,0.5003076152953184
4343,0.4904358996326959
4344,0.49860210822847595
4345,0.4926172581379962
4346,0.49704430037148734
4347,0.4983935956213096
4348,0.49573436971903384
4349,0.5037446318158905
4350,0.494820565615483
4351,0.49160855913694645
4352,0.4952862465346528
4353,0.4990320534215986
4354,0.4951965503535959
4355,0.49646748192130513
4356,0.5000331195746416
4357,0.4995582130593153
4358,0.5009005975810567
4359,0.498301465030747
4360,0.5026568419572477
4361,0.5013086797079965
4362,0.49772253274763606
4363,0.4938717112898335
4364,0.49698440646200376
4365,0.49951363892148093
4366,0.49146683774560995
4367,0.49283566030503456
4368,0.4854474824306154
4369,0.49805244253007475
4370,0.4948403562266056
4371,0.49915905856387105
4372,0.4985903500606781
4373,0.49933588391563344
4374,0.492149989937511
4375,0.5014599372250933
4376,0.4964050383966498
4377,0.4951512714434291
4378,0.49745638956351024
4379,0.502039265104428
4380,0.5024174948361404
4381,0.4947779545635457
4382,0.5022008056629368
4383,0.5010675429806534
4384,0.4980475548846201
4385,0.4956582632145592
4386,0.4996807151645314
4387,0.5000331195746416
4388,0.49905301495618665
4389,0.49933588391563344
4390,0.49949616359571114
4391,0.49844022737566834
4392,0.5004453089551212
4393,0.48788848272005786
4394,0.4869130435951419
4395,0.4977472091427622
4396,0.49820688321089784
4397,0.4910549988704304
4398,0.49905301495618665
4399,0.4900673058421813
4400,0.49860961670922926
4401,0.4942726597887813
4402,0.5000664772401509
4403,0.4955238976875724
4404,0.4933848455313163
4405,0.5023522277868889
4406,0.5007856376385407
4407,0.5003184581897179
4408,0.4955605664713057
4409,0.49854207479512386
4410,0.4973213783721041
4411,0.49504547078625943
4412,0.4968728130135908
4413,0.36822118062120346
4414,0.49730066388178246
4415,0.5003412741501613
4416,0.5003983011829475
4417,0.4949060056738037
4418,0.49789369929149796
4419,0.5006656956421807
4420,0.49052131772340607
4421,0.4963577892027727
4422,0.4973213783721041
4423,0.4942823626452948
4424,0.5036012226882622
4425,0.4951512714434291
4426,0.4970296879684098
4427,0.49287106668202907
4428,0.4983348223191597
4429,0.505937128418808
4430,0.4937649570511162
4431,0.49927319081791605
4432,0.5010675429806534
4433,0.4946547041692185
4434,0.4960051184930619
4435,0.49679845956788915
4436,0.49984811220630804
4437,0.4950713205722574
4438,0.4973745950991965
4439,0.4985903500606781
4440,0.4912955293150403
4441,0.48287055401758566
4442,0.49670860878144507
4443,0.49088607004664303
4444,0.5000331195746416
4445,0.5000331195746416
4446,0.4973545439589832
4447,0.49813452110505313
4448,0.4997838269723887
4449,0.4964004026304052
4450,0.4922294280724283
4451,0.5014396473165229
4452,0.5010699913426976
4453,0.4963577892027727
4454,0.5012534438796712
4455,0.4918865204673206
4456,0.49534718293761654
4457,0.4959482241382698
4458,0.49415433234222217
4459,0.49436841350257593
4460,0.49278928685168744
4461,0.49656932533001824
4462,0.5021299494609128
4463,0.5010675429806534
4464,0.48870499373711584
4465,0.4995421899342034
4466,0.49708926276295007
4467,0.4975882438153141
4468,0.5062492544400524
4469,0.4955213886000366
4470,0.491684656175876
4471,0.49423263046094856
4472,0.5049390063469945
4473,0.5007613118319566
4474,0.4906522330081594
4475,0.5037684652610223
4476,0.5112466750117464
4477,0.4900870907737524
4478,0.5054761439319405
4479,0.49930370939142243
4480,0.4957050194590175
4481,0.48583508165780126
4482,0.49926008998269245
4483,0.4523037304715288
4484,0.49905301495618665
4485,0.4986659418491473
4486,0.49466888139711085
4487,0.49219288739289124
4488,0.49523306053023863
4489,0.4943290091706999
4490,0.49290314028326737
4491,0.4982384931603521
4492,0.49933588391563344
4493,0.4998661735300596
4494,0.4945454595958744
4495,0.493828535285519
4496,0.49584116193577965
4497,0.5096436740994734
4498,0.4975388918759956
4499,0.5002645535159567
4500,0.4992941523863458
4501,0.4974365973528394
4502,0.4939805470206286
4503,0.49588910020516314
4504,0.4964650632832767
4505,0.49905301495618665
4506,0.49806235911421187
4507,0.4904982853363185
4508,0.49897768545649573
4509,0.4957050194590175
4510,0.4904982853363185
4511,0.4932814504413422
4512,0.5078178808323283
4513,0.4950968895067355
4514,0.49658890401604466
4515,0.5041217568631354
4516,0.4935197565612345
4517,0.4986921549918941
4518,0.4977621999054202
4519,0.5032352373848714
4520,0.49905301495618665
4521,0.49802794817228235
4522,0.4915341848876168
4523,0.49224921603100974
4524,0.5002062593171455
4525,0.5000331195746416
4526,0.4990018171768258
4527,0.49146683774560995
4528,0.5004891288740363
4529,0.4959808140822274
4530,0.5010675429806534
4531,0.5026419246198621
4532,0.495542502356836
4533,0.5002031869155183
4534,0.5009202146642242
4535,0.5000483796538929
4536,0.5000664772401509
4537,0.49776774073669233
4538,0.49761826790532626
4539,0.49933588391563344
4540,0.5038079790867778
4541,0.4944974010757568
4542,0.49450466410724053
4543,0.49665733302359744
4544,0.49146683774560995
4545,0.5040174966648105
4546,0.49793250221462143
4547,0.4959737128769662
4548,0.48973384192855146
4549,0.4965557483264866
4550,0.4978939489367449
4551,0.5010675429806534
4552,0.49830093910952783
4553,0.5000664772401509
4554,0.49730066388178246
4555,0.494820565615483
4556,0.49708113523658237
4557,0.4939917845369488
4558,0.5018005789079417
4559,0.49393919496724803
4560,0.49915905856387105
4561,0.4836551275980104
4562,0.4990320534215986
4563,0.49701780331908785
4564,0.4974365973528394
4565,0.4996438441678415
4566,0.4941519980156887
4567,0.5150915645713685
4568,0.5018861550041113
4569,0.4993934220403742
4570,0.4921994759316743
4571,0.49543533943774487
4572,0.4886981976185307
4573,0.4964060162227186
4574,0.5009202146642242
4575,0.49933588391563344
4576,0.5053510097187557
4577,0.4929546591120906
4578,0.4942726597887813
4579,0.3723534806159281
4580,0.49262090976920114
4581,0.496088046350407
4582,0.4868590291972012
4583,0.5068375234328552
4584,0.4914480334231761
4585,0.4974371232663089
4586,0.49889588917653893
4587,0.4946466352623318
4588,0.4977145714713214
4589,0.4904982853363185
4590,0.49942204837123577
4591,0.49312722378808055
4592,0.49778507212506656
4593,0.49945470421812443
4594,0.49452443425938797
4595,0.4942422192988661
4596,0.4982651690135297
4597,0.6754806369049807
4598,0.49665865914061214
4599,0.49442222400707225
4600,0.49893233775588675
4601,0.49679820081495984
4602,0.4937900791005264
4603,0.49146683774560995
4604,0.49905301495618665
4605,0.500283757535763
4606,0.49208383871294264
4607,0.4961853595141722
4608,0.5023014907914715
4609,0.5021769563945726
4610,0.4989727539464114
4611,0.5030306025327245
4612,0.5011485101108919
4613,0.5009005975810567
4614,0.5022088010469676
4615,0.4972379725326931
4616,0.4836551275980104
4617,0.5030873859648675
4618,0.4933474342939798
4619,0.5000664772401509
4620,0.5009005975810567
4621,0.4979995387995887
4622,0.5064149645514869
4623,0.4990320534215986
4624,0.4962452726950163
4625,0.5010578388968563
4626,0.5003220073590312
4627,0.5022871883118459
4628,0.5000664772401509
4629,0.4963856894494302
4630,0.49026924831576374
4631,0.504068771326488
4632,0.4950707335972784
4633,0.4933824343227737
4634,0.4954014586896262
4635,0.49651788640489786
4636,0.4973213783721041
4637,0.496787195954085
4638,0.4884495401939461
4639,0.4848227605620752
4640,0.4945051236669442
4641,0.49991336478059817
4642,0.49589813517737397
4643,0.49520976654076926
4644,0.49667165606849933
4645,0.49905301495618665
4646,0.49443406162039916
4647,0.5001828968393818
4648,0.5000331195746416
4649,0.5000560336055415
4650,0.49683247163355915
4651,0.49222041032114666
4652,0.4961425592105148
4653,0.501869808296607
4654,0.49635545468095754
4655,0.499919148341629
4656,0.49423263046094856
4657,0.5010866463229086
4658,0.4982494983383223
4659,0.5010675429806534
4660,0.4912955293150403
4661,0.49945470421812443
4662,0.49523306053023863
4663,0.5007532690854894
4664,0.4982969324356486
4665,0.5030306025327245
4666,0.49728051094099357
4667,0.49224921603100974
4668,0.49810173232068417
4669,0.5009105105691151
4670,0.49331800785241936
4671,0.4954707525408171
4672,0.49307498326444876
4673,0.4919442564307207
4674,0.5009105105691151
4675,0.5022968922355583
4676,0.4956660285355667
4677,0.32871676844221365
4678,0.49323806378903584
4679,0.5028459763333094
4680,0.49311377129856676
4681,0.4955213886000366
4682,0.48581245616502744
4683,0.49128135477516094
4684,0.49933588391563344
4685,0.49082368253491504
4686,0.4967563564774478
4687,0.36526450058505644
4688,0.49877642331373595
4689,0.4968728130135908
4690,0.4870586361631293
4691,0.4998661735300596
4692,0.49698440646200376
4693,0.4912955293150403
4694,0.49786686722846485
4695,0.4930891593942589
4696,0.4930891593942589
4697,0.4944254338881017
4698,0.5002823775837817
4699,0.4917744922926613
4700,0.49659650330539884
4701,0.5007784794847184
4702,0.4874139097953304
4703,0.49421673229200536
4704,0.49847460298360297
4705,0.502039265104428
4706,0.5005157908460931
4707,0.5022968922355583
4708,0.4942422192988661
4709,0.5018389644061291
4710,0.4946120934160532
4711,0.4925759064750404
4712,0.5030403063027028
4713,0.5019449267940764
4714,0.5030403063027028
4715,0.5031494184709414
4716,0.49826409283243783
4717,0.4910992849772621
4718,0.5030403063027028
4719,0.4967837751436211
4720,0.4977586638083039
4721,0.49810792916305857
4722,0.4939805470206286
4723,0.5075710280320721
4724,0.48966817294638865
4725,0.5004255162432342
4726,0.5009005975810567
4727,0.5432978799764048
4728,0.49691013442155196
4729,0.4980700825239883
4730,0.498301465030747
4731,0.49933588391563344
4732,0.49847460298360297
4733,0.4971395371146348
4734,0.49748908096592087
4735,0.49146683774560995
4736,0.49529832795732365
4737,0.49719390492632504
4738,0.5027243805021282
4739,0.4996438441678415
4740,0.4927988944930261
4741,0.49727018189662986
4742,0.49367000616045614
4743,0.5031712698472242
4744,0.4973545439589832
4745,0.5022334098091675
4746,0.5126925033413542
4747,0.49356707902634483
4748,0.5030403063027028
4749,0.4926871427615798
4750,0.4977534328940209
4751,0.49436841350257593
4752,0.5061599026582086
4753,0.495286327595664
4754,0.5041217568631354
4755,0.5039036178701196
4756,0.4935736696511057
4757,0.4997150014640908
4758,0.5078178808323283
4759,0.5000890824778303
4760,0.501013883468663
4761,0.5030403063027028
4762,0.4990216098263953
4763,0.3330936113252008
4764,0.49562322896025085
4765,0.49778080402519875
4766,0.5028733660947851
4767,0.5013086797079965
4768,0.49918802941195317
4769,0.4964360938159912
4770,0.5013988222704792
4771,0.5152756514969347
4772,0.4947074789644407
4773,0.4983071541196476
4774,0.49466888139711085
4775,0.49708113523658237
4776,0.4904694831137476
4777,0.5056058767025963
4778,0.5117017303709487
4779,0.5058338071578656
4780,0.49934978926713547
4781,0.5118581459132837
4782,0.6529278539577454
4783,0.5001231205748162
4784,0.5011102641288544
4785,0.4875232257256511
4786,0.4990216098263953
4787,0.496873792019749
4788,0.4977287477006652
4789,0.5030403063027028
4790,0.49801859916767144
4791,0.49445385190332014
4792,0.5034760145203759
4793,0.5044467582505782
4794,0.5063323113742357
4795,0.2884820353057194
4796,0.5123640070835006
4797,0.5022871883118459
4798,0.4973545439589832
4799,0.49224921603100974
4800,0.49903229994267617
4801,0.49905301495618665
4802,0.4938717112898335
4803,0.48926105567624556
4804,0.4964360938159912
4805,0.3239517612503036
4806,0.4961839641466589
4807,0.5078178808323283
4808,0.4926370465612507
4809,0.4988707969039784
4810,0.5007856376385407
4811,0.49838894987659305
4812,0.4981677027384853
4813,0.500883765482576
4814,0.4919963740056639
4815,0.5011863628533215
4816,0.4970296879684098
4817,0.4989234776665027
4818,0.5022207755042702
4819,0.49961506730236316
4820,0.4970296879684098
4821,0.49761814584019665
4822,0.4902001938340921
4823,0.49473081387799306
4824,0.49645729776676306
4825,0.4941969422221426
4826,0.4994917520797443
4827,0.4942552811178274
4828,0.49246153012731897
4829,0.4997042054858091
4830,0.4937739412968955
4831,0.4953023156432622
4832,0.4928502857870491
4833,0.5018389644061291
4834,0.4962694031617547
4835,0.5000331195746416
4836,0.5044934564120069
4837,0.4993261798053716
4838,0.5030403063027028
4839,0.5022520232266159
4840,0.4952539877554767
4841,0.5021769563945726
4842,0.4938717112898335
4843,0.49845364156993655
4844,0.5010675429806534
4845,0.4999193948636238
4846,0.5015374545881166
4847,0.5026085678736152
4848,0.5010675429806534
4849,0.4929932024909907
4850,0.5025914331200855
4851,0.49737701379141314
4852,0.49868359121254613
4853,0.507775696914259
4854,0.4996438441678415
4855,0.4908130300811147
4856,0.49745638956351024
4857,0.4924417419114065
4858,0.498562857350667
4859,0.4977287477006652
4860,0.5010675429806534
4861,0.501531007330767
4862,0.4995813975083172
4863,0.4964650632832767
4864,0.49701780331908785
4865,0.49067203350158306
4866,0.4950713205722574
4867,0.5000549766102877
4868,0.49084346860960776
4869,0.4975086562559397
4870,0.49088607004664303
4871,0.5109234098661255
4872,0.5022831816752845
4873,0.496161495007117
4874,0.5067013835624689
4875,0.5004453089551212
4876,0.5066372560909382
4877,0.5049787391812345
4878,0.498301465030747
4879,0.49927319081791605
4880,0.49523306053023863
4881,0.5017182082024754
4882,0.5021790447045186
4883,0.4979978844069345
4884,0.49757764908193475
4885,0.4916685168091327
4886,0.4954069543841277
4887,0.4948261788965499
4888,0.5019181820205677
4889,0.49222041032114666
4890,0.49602707133329144
4891,0.4941996093293897
4892,0.49784548742053797
4893,0.5009202146642242
4894,0.4936534854448918
4895,0.498562857350667
4896,0.5010675429806534
4897,0.5041342445709945
4898,0.4926172581379962
4899,0.4886981976185307
4900,0.4982692908253542
4901,0.4965573321241386
4902,0.4987308783603953
4903,0.4930891593942589
4904,0.5017330372892388
4905,0.5010048500309008
4906,0.5010258115559173
4907,0.49714616109034776
4908,0.4986055161053153
4909,0.49818749520244376
4910,0.4926370465612507
4911,0.4973213783721041
4912,0.5004473973030288
4913,0.5009555042865702
4914,0.5001073116188037
4915,0.4928054238021619
4916,0.49607557785436884
4917,0.4882777565112333
4918,0.4999844754184392
4919,0.5107011844169007
4920,0.5010675429806534
4921,0.5009202146642242
4922,0.4940179301283277
4923,0.49577268075500075
4924,0.49304655192321845
4925,0.49683247163355915
4926,0.5061040502595779
4927,0.4941252240801388
4928,0.4930267630351719
4929,0.4902454743174464
4930,0.4891698333388122
4931,0.4978105427228967
4932,0.4884495401939461
4933,0.49745652797576456
4934,0.5018389644061291
4935,0.4942726597887813
4936,0.49421673229200536
4937,0.4938909342630238
4938,0.5017708551270137
4939,0.5006110665342006
4940,0.49823901908111673
4941,0.49813452110505313
4942,0.4919185349169327
4943,0.500042879446159
4944,0.49517106231659375
4945,0.49933588391563344
4946,0.49961797183772455
4947,0.4924655909176686
4948,0.5010048500309008
4949,0.4904358996326959
4950,0.5030403063027028
4951,0.49813452110505313
4952,0.4904556851326438
4953,0.48916440100239744
4954,0.4972727496703077
4955,0.500345792430268
4956,0.5010675429806534
4957,0.49606050857864625
4958,0.5041314603297661
4959,0.5000664772401509
4960,0.48129262434375386
4961,0.5122822601201186
4962,0.5008318153133269
4963,0.4911701571832586
4964,0.49826409283243783
4965,0.4973213783721041
4966,0.5024619083056214
4967,0.49905301495618665
4968,0.4954069543841277
4969,0.49874529928527145
4970,0.4884806167916767
4971,0.5009216746007418
4972,0.49630443224438286
4973,0.49945470421812443
4974,0.49905301495618665
4975,0.5019598871012856
4976,0.49893319836396577
4977,0.4857925003005993
4978,0.4938069926899469
4979,0.5026842318333206
4980,0.4961853595141722
4981,0.4902932580519376
4982,0.49984204171326807
4983,0.5068267305349534
4984,0.49905301495618665
4985,0.49494302568561976
4986,0.4948706587398
4987,0.49933588391563344
4988,0.49350162094443145
4989,0.4990216098263953
4990,0.499919148341629
4991,0.4953857511600601
4992,0.4995582130593153
4993,0.48669878705696157
4994,0.49757764908193475
4995,0.5009373381652352
4996,0.49934275317572846
4997,0.49905301495618665
4998,0.500913489546627
4999,0.4942726597887813
5000,0.49891568180864365
5001,0.5013762216831716
5002,0.4981518026635556
5003,0.4910420590924288
5004,0.4990320534215986
5005,0.49190616522988745
5006,0.498301465030747
5007,0.5013086797079965
5008,0.49439146474397505
5009,0.5058032640640647
5010,0.32520021111985564
5011,0.502039265104428
5012,0.4960383726953365
5013,0.49905301495618665
5014,0.4935513365307764
5015,0.49326737679697436
5016,0.5030403063027028
5017,0.5007291373196737
5018,0.49224921603100974
5019,0.4934198382857881
5020,0.49945470421812443
5021,0.4907105740879316
5022,0.5041026694382571
5023,0.498065042391112
5024,0.5041217568631354
5025,0.49730066388178246
5026,0.5010675429806534
5027,0.319560942002498
5028,0.4926172581379962
5029,0.4985903500606781
5030,0.4942726597887813
5031,0.490570220990294
5032,0.4989905684981975
5033,0.497985685660883
5034,0.5010675429806534
5035,0.4913051305915847
5036,0.499919148341629
5037,0.5011734997637539
5038,0.49367308643917457
5039,0.491586743093979
5040,0.4910352124922594
5041,0.49908282766700945
5042,0.49007705521193684
5043,0.4913841302778192
5044,0.5010258115559173
5045,0.5009105105691151
5046,0.47960616292941965
5047,0.4939533717328518
5048,0.5012989756463504
5049,0.5000331195746416
5050,0.49915905856387105
5051,0.49860961670922926
5052,0.5013467250473503
5053,0.5004453089551212
5054,0.5045812625041282
5055,0.5002062593171455
5056,0.5000234154470397
5057,0.5007856376385407
5058,0.496291720123552
5059,0.49691779327714714
5060,0.5030306025327245
5061,0.5000869336026159
5062,0.4948856239694505
5063,0.49788560331624654
5064,0.49735480292212697
5065,0.49412921456587583
5066,0.49424180744207225
5067,0.4896164023609306
5068,0.49568083873531155
5069,0.4898874282559585
5070,0.4926370465612507
5071,0.5042605675808176
5072,0.3295623638250281
5073,0.5042969924297973
5074,0.49421673229200536
5075,0.49421673229200536
5076,0.49905301495618665
5077,0.4986360441795793
5078,0.4955605664713057
5079,0.498301465030747
5080,0.49704430037148734
5081,0.502494599608418
5082,0.49401117000692524
5083,0.4942422192988661
5084,0.4931841921059622
5085,0.499919148341629
5086,0.4934548691674103
5087,0.5037930748277457
5088,0.5064699825442673
5089,0.49502608443692686
5090,0.5041217568631354
5091,0.4963723249147228
5092,0.4972727496703077
5093,0.4953435329066624
5094,0.5068350495962084
5095,0.5011485101108919
5096,0.4919219978556574
5097,0.5000664772401509
5098,0.49494302568561976
5099,0.5088971424296026
5100,0.4932581118298322
5101,0.4895065238465031
5102,0.496514710537274
5103,0.48916440100239744
5104,0.49852782072967716
5105,0.4952528514655397
5106,0.49905301495618665
5107,0.5043230096768904
5108,0.49818749520244376
5109,0.5054761439319405
5110,0.49950909126854653
5111,0.5001417242783888
5112,0.49745638956351024
5113,0.4955213886000366
5114,0.49350162094443145
5115,0.5019546307741432
5116,0.4954045392014593
5117,0.4928750922098667
5118,0.49367308643917457
5119,0.4969229802569326
5120,0.5011863628533215
5121,0.49917885123608935
5122,0.4921764714525023
5123,0.5010675429806534
5124,0.5030403063027028
5125,0.4985867550306698
5126,0.49060237523968914
5127,0.4993407331502211
5128,0.49903229994267617
5129,0.4955143830233307
5130,0.4932383964728364
5131,0.4959930924417554
5132,0.49350162094443145
5133,0.4961537295602076
5134,0.49591310750367223
5135,0.4958152934019828
5136,0.5569645666439509
5137,0.5009005975810567
5138,0.49685252253120055
5139,0.4972983550208811
5140,0.4990018171768258
5141,0.5006473408248376
5142,0.4961301250741203
5143,0.4949504795214616
5144,0.5073234894136868
5145,0.49918802941195317
5146,0.499534002468145
5147,0.5026346836204764
5148,0.5057172518081529
5149,0.5030403063027028
5150,0.4928502857870491
5151,0.49952888397712514
5152,0.502324282308072
5153,0.49581549370246814
5154,0.5106887753860262
5155,0.48926105567624556
5156,0.4949060056738037
5157,0.5000664772401509
5158,0.4919457070852832
5159,0.5010675429806534
5160,0.502039265104428
5161,0.4904556851326438
5162,0.5004453089551212
5163,0.49708188771104883
5164,0.4981677027384853
5165,0.503130446093496
5166,0.49770340069319585
5167,0.49246153012731897
5168,0.49575466553863035
5169,0.4992675601239002
5170,0.49448748925795555
5171,0.5010578388968563
5172,0.4959482241382698
5173,0.5012853945639951
5174,0.5057635555436815
5175,0.5021299494609128
5176,0.49664596963701824
5177,0.4980700825239883
5178,0.4964034188481518
5179,0.5020059079844335
5180,0.4875691659720106
5181,0.5019505450672604
5182,0.4957232607078182
5183,0.4954147196354458
5184,0.49462627061804115
5185,0.485854858521629
5186,0.503990781291073
5187,0.4952528514655397
5188,0.4959343060911438
5189,0.5020059079844335
5190,0.493518898415901
5191,0.5097879339297527
5192,0.4923592089861745
5193,0.484844805234822
5194,0.503556051254163
5195,0.4959482241382698
5196,0.4977430015962085
5197,0.4518092277675628
5198,0.49919532066857714
5199,0.4969423051940039
5200,0.5012989756463504
5201,0.49486750765999094
5202,0.4952528514655397
5203,0.4966688198024043
5204,0.4971642567093619
5205,0.5030873859648675
5206,0.4974659490012254
5207,0.49947464753742243
5208,0.502324282308072
5209,0.49745424637951247
5210,0.4957050194590175
5211,0.5041505624503306
5212,0.4970296879684098
5213,0.49560317880645965
5214,0.4991106877452695
5215,0.5000664772401509
5216,0.49978409377174265
5217,0.4964864363506524
5218,0.4928679858840286
5219,0.503130446093496
5220,0.5030403063027028
5221,0.49933588391563344
5222,0.49888458824821763
5223,0.4966104503663279
5224,0.6527633359312803
5225,0.5010675429806534
5226,0.498301465030747
5227,0.4527793414676337
5228,0.5016386985538692
5229,0.49665733302359744
5230,0.5002614159785268
5231,0.5043537737378213
5232,0.5018389644061291
5233,0.5008366841919273
5234,0.5041291515590679
5235,0.499639427056892
5236,0.4871392697351283
5237,0.4973745950991965
5238,0.5004891288740363
5239,0.5039771288195108
5240,0.4937900791005264
5241,0.49905301495618665
5242,0.49640582218679363
5243,0.5000234154470397
5244,0.49224921603100974
5245,0.48599099780523886
5246,0.4991458062533287
5247,0.49399380177767216
5248,0.505940130450582
5249,0.4943522752562049
5250,0.4944277860473272
5251,0.49805244253007475
5252,0.49197658636284597
5253,0.49166670788756295
5254,0.506094347575928
5255,0.4930891593942589
5256,0.49969531620594443
5257,0.4973213783721041
5258,0.49847460298360297
5259,0.4902001938340921
5260,0.49698440646200376
5261,0.49918183021550666
5262,0.4926172581379962
5263,0.49905070029192933
5264,0.5068375234328552
5265,0.49486791938769137
5266,0.4967704702478862
5267,0.4928750922098667
5268,0.49927319081791605
5269,0.4870262440844607
5270,0.5055092816767959
5271,0.4983348223191597
5272,0.49905301495618665
5273,0.5036565825399327
5274,0.49084346860960776
5275,0.49864345163279933
5276,0.49231976980708164
5277,0.36224328983792353
5278,0.4919219978556574
5279,0.4998661735300596
5280,0.5039645252259668
5281,0.49829176101574113
5282,0.4946222447375859
5283,0.4942552811178274
5284,0.49367000616045614
5285,0.32386874104559166
5286,0.4985903500606781
5287,0.5009535722129429
5288,0.4937899270923447
5289,0.49928775843585776
5290,0.49331946921198516
5291,0.4991062330001283
5292,0.4995314330389395
5293,0.4990018171768258
5294,0.5087047345535968
5295,0.3787500724525238
5296,0.4955213886000366
5297,0.49813452110505313
5298,0.4952528514655397
5299,0.4983348223191597
5300,0.4930267630351719
5301,0.4949407680497721
5302,0.49088607004664303
5303,0.50490330269248
5304,0.5041314603297661
5305,0.5022230528795625
5306,0.4985176395264258
5307,0.49391476665975975
5308,0.4981376240146952
5309,0.49889588917653893
5310,0.4896164023609306
5311,0.5011250809216782
5312,0.4972181044403948
5313,0.4964004026304052
5314,0.501144631472462
5315,0.49218186575146927
5316,0.4990320534215986
5317,0.6543495934196032
5318,0.4987810798702058
5319,0.5039856009834751
5320,0.49601556146288656
5321,0.5009202146642242
5322,0.49170550106355004
5323,0.49521916145911304
5324,0.4944884352570686
5325,0.497420074419177
5326,0.49677614837644446
5327,0.49494302568561976
5328,0.4935562144617402
5329,0.5010675429806534
5330,0.4989796409408135
5331,0.48174233652895704
5332,0.4970791548421277
5333,0.5001326353765617
5334,0.5024157100730064
5335,0.49517106231659375
5336,0.5010048500309008
5337,0.49754707676002546
5338,0.4926370465612507
5339,0.4972505469865062
5340,0.4887892853904156
5341,0.49039325043412885
5342,0.4943124193017019
5343,0.49849531547313486
5344,0.5042696037824557
5345,0.4957947100328581
5346,0.4993549873137989
5347,0.5002823775837817
5348,0.48656986680710806
5349,0.5009105105691151
5350,0.49105442805076516
5351,0.4960696178165383
5352,0.49615484266946386
5353,0.49839927392794386
5354,0.5014274992947132
5355,0.4995504294223659
5356,0.5010675429806534
5357,0.5026419246198621
5358,0.4966943552139737
5359,0.4965223269822156
5360,0.49872980217327895
5361,0.5057641644224306
5362,0.5086051820132936
5363,0.5031591222123726
5364,0.49707509026154484
5365,0.49939285099251596
5366,0.5010048500309008
5367,0.5068267305349534
5368,0.4934195793602495
5369,0.49659650330539884
5370,0.496445271551229
5371,0.497685686812684
5372,0.49758929764347987
5373,0.49926008998269245
5374,0.4915565089491777
5375,0.4904358996326959
5376,0.5099849283249543
5377,0.49649943690049336
5378,0.4906430580189581
5379,0.48926105567624556
5380,0.5078383748487081
5381,0.49714616109034776
5382,0.49268190810754753
5383,0.4966231560766339
5384,0.4966943552139737
5385,0.49350162094443145
5386,0.4910783342598254
5387,0.5019826230541715
5388,0.4952528514655397
5389,0.49945470421812443
5390,0.4959839148321987
5391,0.4941969422221426
5392,0.5041314603297661
5393,0.48842135016214866
5394,0.4951009249662732
5395,0.49494302568561976
5396,0.5000331195746416
5397,0.4917481050586589
5398,0.32707716572859763
5399,0.4875852963083777
5400,0.494110340355171
5401,0.4998037268398562
5402,0.49502608443692686
5403,0.31979368286825804
5404,0.5005789464091959
5405,0.4822446597207497
5406,0.4958250222120067
5407,0.4924484695546281
5408,0.5387125111798817
5409,0.4949492958276991
5410,0.5016166376454105
5411,0.494356545114625
5412,0.4977586638083039
5413,0.49563822628421034
5414,0.49677577576496657
5415,0.4871351543343606
5416,0.501718486053257
5417,0.5022968922355583
5418,0.4966268157647559
5419,0.49655770968917257
5420,0.5088098370236607
5421,0.44861351136491784
5422,0.4946547041692185
5423,0.4948403562266056
5424,0.5078383748487081
5425,0.4959117883753859
5426,0.319560942002498
5427,0.5019374622592473
5428,0.49970150028924676
5429,0.3244220192555719
5430,0.5038185445213389
5431,0.49708188771104883
5432,0.49156466395054205
5433,0.5000331195746416
5434,0.4977287477006652
5435,0.49082368253491504
5436,0.4938909342630238
5437,0.5068267305349534
5438,0.49905301495618665
5439,0.4986938582392883
5440,0.502039265104428
5441,0.49365329689139686
5442,0.5009202146642242
5443,0.49153578699925055
5444,0.4951965503535959
5445,0.4919219978556574
5446,0.508208486849256
5447,0.49367308643917457
5448,0.5005752933649436
5449,0.5019962040122306
5450,0.5030403063027028
5451,0.49638622452408976
5452,0.4948242176509429
5453,0.4932814504413422
5454,0.49350162094443145
5455,0.4904358996326959
5456,0.49888497168320095
5457,0.48909272165637324
5458,0.5000664772401509
5459,0.49905301495618665
5460,0.5030403063027028
5461,0.4955213886000366
5462,0.507775696914259
5463,0.5043230096768904
5464,0.4926370465612507
5465,0.5004185289325352
5466,0.4904358996326959
5467,0.49367308643917457
5468,0.4914441837305893
5469,0.49917885123608935
5470,0.4944305673231944
5471,0.4990320534215986
5472,0.49401478416424016
5473,0.4986120988827639
5474,0.4933297739755611
5475,0.5003297261927891
5476,0.49445385190332014
5477,0.49093092642877756
5478,0.4958502572475565
5479,0.4926370465612507
5480,0.49391114536086594
5481,0.4983584315641527
5482,0.4981677027384853
5483,0.4974978623396541
5484,0.4918763134159271
5485,0.5030306025327245
5486,0.4875232257256511
5487,0.49093092642877756
5488,0.49844022737566834
5489,0.5022520232266159
5490,0.5014608566822637
5491,0.49745638956351024
5492,0.5010578388968563
5493,0.4904982853363185
5494,0.49587650100854425
5495,0.5009005975810567
5496,0.5010675429806534
5497,0.49959692797755745
5498,0.49126715444332425
5499,0.4934240889516756
5500,0.488630997751211
5501,0.5012820875690299
5502,0.5004891288740363
5503,0.4935349190754512
5504,0.4981757484541572
5505,0.49843687369578593
5506,0.5000234154470397
5507,0.5019962040122306
5508,0.5024522044123286
5509,0.4933377970548736
5510,0.4946547041692185
5511,0.4991637545465462
5512,0.5030387631768567
5513,0.4973213783721041
5514,0.4960744413822359
5515,0.4960306072782894
5516,0.4952528514655397
5517,0.49928775843585776
5518,0.5003076152953184
5519,0.5013086797079965
5520,0.5000664772401509
5521,0.5411144050291314
5522,0.5010675429806534
5523,0.502039265104428
5524,0.49430341249355475
5525,0.5000331195746416
5526,0.499919148341629
5527,0.4926370465612507
5528,0.502039265104428
5529,0.49838894987659305
5530,0.4950828059490847
5531,0.4968514013501234
5532,0.5029110349125713
5533,0.5011575115824753
5534,0.49146683774560995
5535,0.35919723166993056
5536,0.49545026964194666
5537,0.4896164023609306
5538,0.49933588391563344
5539,0.5030403063027028
5540,0.49533797134044644
5541,0.49905301495618665
5542,0.4991687626643696
5543,0.4978195208190271
5544,0.5012527766154238
5545,0.5157540240827745
5546,0.49047579808817054
5547,0.49471374755637193
5548,0.4933297739755611
5549,0.49704430037148734
5550,0.4949987594198755
5551,0.5017708551270137
5552,0.4959641233885456
5553,0.5010675429806534
5554,0.4981677027384853
5555,0.4902812768077325
5556,0.4948242176509429
5557,0.5010675429806534
5558,0.4998872506184535
5559,0.4961301250741203
5560,0.4893740898061047
5561,0.49923749787988386
5562,0.49933588391563344
5563,0.5000234154470397
5564,0.4887186440584029
5565,0.4995191798582858
5566,0.4939488780439425
5567,0.4920351762762765
5568,0.49304655192321845
5569,0.49657554011957816
5570,0.508066613520556
5571,0.4964360938159912
5572,0.4964201943371088
5573,0.4974401955878256
5574,0.4993261798053716
5575,0.49175510929168137
5576,0.49685820067163294
5577,0.4923592089861745
5578,0.49735480292212697
5579,0.5000331195746416
5580,0.502039265104428
5581,0.5030736289872357
5582,0.5030306025327245
5583,0.48980566533666425
5584,0.4976757740053988
5585,0.5011485101108919
5586,0.4945051236669442
5587,0.49905301495618665
5588,0.49918802941195317
5589,0.5043230096768904
5590,0.4985496149222065
5591,0.5014396078234503
5592,0.5010578388968563
5593,0.49818749520244376
5594,0.4987068556575508
5595,0.5001934827894122
5596,0.49630963505316905
5597,0.5010675429806534
5598,0.3242069086516098
5599,0.4958523257316822
5600,0.4990018171768258
5601,0.4973213783721041
5602,0.49347832877630277
5603,0.5010675429806534
5604,0.501289871160675
5605,0.5028733660947851
5606,0.5022207755042702
5607,0.49088607004664303
5608,0.49459369701978045
5609,0.5009005975810567
5610,0.502039265104428
5611,0.5063709980784902
5612,0.4960051184930619
5613,0.4943658511733069
5614,0.5021495662498447
5615,0.494820565615483
5616,0.4974371232663089
5617,0.49858982413756975
5618,0.4998389769209271
5619,0.49554117974593587
5620,0.4998661735300596
5621,0.49745638956351024
5622,0.4965164928758763
5623,0.4919288489964638
5624,0.491604316963685
5625,0.4956884973121606
5626,0.4976080868452074
5627,0.49053998904335994
5628,0.5039645252259668
5629,0.49486750765999094
5630,0.5018823744482556
5631,0.4934690394467489
5632,0.49657661626316796
5633,0.4934198382857881
5634,0.4928054238021619
5635,0.4963577892027727
5636,0.4960536211249627
5637,0.49466888139711085
5638,0.4981068529844224
5639,0.4981376240146952
5640,0.5026842318333206
5641,0.5009005975810567
5642,0.4964201943371088
5643,0.4937900791005264
5644,0.5090947682831855
5645,0.49631096255077206
5646,0.4990320534215986
5647,0.4993335749914669
5648,0.4941252240801388
5649,0.5004314832472493
5650,0.4951462887158083
5651,0.49819667328278855
5652,0.49889588917653893
5653,0.5010675429806534
5654,0.4964266366921356
5655,0.5009005975810567
5656,0.502039265104428
5657,0.5032255336623039
5658,0.49873424776472647
5659,0.5036429521058776
5660,0.2257691249582391
5661,0.49229413030114433
5662,0.49682750200119125
5663,0.4981677027384853
5664,0.5045715591894501
5665,0.49494302568561976
5666,0.4973213783721041
5667,0.4984234055031704
5668,0.37213856746967605
5669,0.49365329689139686
5670,0.49240581008249995
5671,0.4990320534215986
5672,0.5000664772401509
5673,0.48885166258016677
5674,0.499821494928162
5675,0.49270268880028334
5676,0.49572868588646746
5677,0.4943522752562049
5678,0.5020059079844335
5679,0.49653248037152753
5680,0.4954212497495262
5681,0.49517106231659375
5682,0.49060237523968914
5683,0.5013355802291469
5684,0.5004453089551212
5685,0.49670860878144507
5686,0.4997498014441318
5687,0.501531007330767
5688,0.5001748540754942
5689,0.5004891288740363
5690,0.5049366571284705
5691,0.507341776366507
5692,0.5022968922355583
5693,0.5000234154470397
5694,0.5051384643673991
5695,0.4981677027384853
5696,0.5005562102263965
5697,0.49860274377234826
5698,0.4977800246809604
5699,0.4910783342598254
5700,0.49623861507428524
5701,0.48881949829833665
5702,0.49635545468095754
5703,0.49918802941195317
5704,0.47956361831171984
5705,0.4971528136045443
5706,0.5030403063027028
5707,0.487954213987905
5708,0.49905301495618665
5709,0.5011417346641541
5710,0.5013366722260773
5711,0.4990320534215986
5712,0.49039325043412885
5713,0.49423263046094856
5714,0.504362877592753
5715,0.4985903500606781
5716,0.4949060056738037
5717,0.4946547041692185
5718,0.49745638956351024
5719,0.5000664772401509
5720,0.4922294280724283
5721,0.4982748730249915
5722,0.4904982853363185
5723,0.4987325322691129
5724,0.4898376088663839
5725,0.4930891593942589
5726,0.49367308643917457
5727,0.3679662595939959
5728,0.4960768696916125
5729,0.49372254717065855
5730,0.49757339772522324
5731,0.49918802941195317
5732,0.5000664772401509
5733,0.5010048500309008
5734,0.5002062593171455
5735,0.4996604605460718
5736,0.4982494983383223
5737,0.49933588391563344
5738,0.49864541190653333
5739,0.4941969422221426
5740,0.49361861258589557
5741,0.4946547041692185
5742,0.5010675429806534
5743,0.49969531620594443
5744,0.4969436853780725
5745,0.4974898678351878
5746,0.4995290142822319
5747,0.484662730449496
5748,0.49592596627483915
5749,0.4952528514655397
5750,0.4974365973528394
5751,0.5033301664121647
5752,0.4995962672765124
5753,0.4923371819235559
5754,0.4999193948636238
5755,0.49163828249838937
5756,0.4981518026635556
5757,0.4985903500606781
5758,0.4986039383882775
5759,0.49903229994267617
5760,0.5021398623007599
5761,0.4924229849866149
5762,0.5010866463229086
5763,0.4934690394467489
5764,0.5000483796538929
5765,0.49653159683368253
5766,0.49060237523968914
5767,0.48642322546956335
5768,0.4984386077591837
5769,0.5020734493225169
5770,0.501144631472462
5771,0.5010194176193169
5772,0.49462627061804115
5773,0.4922294280724283
5774,0.5051031089662631
5775,0.5010675429806534
5776,0.49788095166269203
5777,0.5030403063027028
5778,0.5009202146642242
5779,0.49919254768234333
5780,0.49905301495618665
5781,0.4957637388557904
5782,0.5010258115559173
5783,0.49436841350257593
5784,0.49808050982410174
5785,0.4926172581379962
5786,0.5010675429806534
5787,0.4977586638083039
5788,0.5043362872876828
5789,0.4925041361574093
5790,0.4938349434464743
5791,0.4931163085368782
5792,0.49588910020516314
5793,0.49932880839260313
5794,0.4967764073360717
5795,0.499632392846354
5796,0.4888374726236987
5797,0.4985507205948658
5798,0.5018148329094485
5799,0.49708113523658237
5800,0.4916184953200966
5801,0.49105442805076516
5802,0.5010675429806534
5803,0.494110340355171
5804,0.49905301495618665
5805,0.49701780331908785
5806,0.4925890259643681
5807,0.5019546307741432
5808,0.4928149451070299
5809,0.49665733302359744
5810,0.49745638956351024
5811,0.49331800785241936
5812,0.5087559969347326
5813,0.499026953947987
5814,0.49973000872259105
5815,0.5000664772401509
5816,0.48956979522714467
5817,0.5041314603297661
5818,0.501289871160675
5819,0.5022968922355583
5820,0.5002062593171455
5821,0.4989521303942014
5822,0.5022968922355583
5823,0.49436841350257593
5824,0.49237421793139285
5825,0.4948261788965499
5826,0.49945470421812443
5827,0.502039265104428
5828,0.4932178789411593
5829,0.4915341848876168
5830,0.5019962040122306
5831,0.5056563236202378
5832,0.49768860643291435
5833,0.4975218569420594
5834,0.4961523173489992
5835,0.4957050194590175
5836,0.5098105569621598
5837,0.4953446656729912
5838,0.5044158038860868
5839,0.5003894119053933
5840,0.5000331195746416
5841,0.5087559969347326
5842,0.5016386985538692
5843,0.49945470421812443
5844,0.49568083873531155
5845,0.501531007330767
5846,0.4941320760631985
5847,0.5019962040122306
5848,0.5030403063027028
5849,0.48835026155900285
5850,0.49307498326444876
5851,0.4951291345283833
5852,0.49372254717065855
5853,0.49738221170402847
5854,0.49079665522608334
5855,0.49769646690448766
5856,0.4963632201747581
5857,0.49224921603100974
5858,0.4854474824306154
5859,0.499530544570779
5860,0.4961035677280381
5861,0.4924229849866149
5862,0.4919963740056639
5863,0.49224921603100974
5864,0.49927319081791605
5865,0.49858528235094246
5866,0.5030306025327245
5867,0.49233353035471744
5868,0.49818749520244376
5869,0.5007036743416182
5870,0.512962580597082
5871,0.49945470421812443
5872,0.49517106231659375
5873,0.4956884973121606
5874,0.49240319681689
5875,0.49684167795670214
5876,0.5049739015389925
5877,0.5010675429806534
5878,0.49855930441544805
5879,0.4997498014441318
5880,0.5058438460524342
5881,0.5030403063027028
5882,0.4955213886000366
5883,0.4971240245518435
5884,0.4851941516481883
5885,0.4981518026635556
5886,0.49301013348646633
5887,0.5086095940921364
5888,0.6489640409897047
5889,0.510038763438077
5890,0.4977586638083039
5891,0.5001073116188037
5892,0.4977586638083039
5893,0.4938291020737452
5894,0.497685686812684
5895,0.498301465030747
5896,0.5006466947921094
5897,0.49724605080346873
5898,0.44479044894721914
5899,0.4984684243447468
5900,0.49257465182017945
5901,0.4952528514655397
5902,0.49606050857864625
5903,0.49745638956351024
5904,0.49436841350257593
5905,0.5009105105691151
5906,0.49670860878144507
5907,0.5000664772401509
5908,0.4977586638083039
5909,0.49462627061804115
5910,0.4922472424102977
5911,0.4957050194590175
5912,0.4897399887809711
5913,0.49752298734015293
5914,0.48820612110912476
5915,0.4962662820314744
5916,0.4989350699795954
5917,0.5013086797079965
5918,0.49905390237895053
5919,0.49905390237895053
5920,0.4948261788965499
5921,0.49224921603100974
5922,0.5029831227014679
5923,0.5000331195746416
5924,0.4992465985587242
5925,0.4933211856831685
5926,0.4952238831657539
5927,0.49905301495618665
5928,0.48748095021844595
5929,0.49165116285702415
5930,0.49711665250085496
5931,0.492403182145265
5932,0.49905301495618665
5933,0.44357640607297494
5934,0.4950522312135805
5935,0.49994035336291825
5936,0.493068184979487
5937,0.5004382640901235
5938,0.5007257836141834
5939,0.5019962040122306
5940,0.4990320534215986
5941,0.5085844030222746
5942,0.4975236250878672
5943,0.5014274992947132
5944,0.49067203350158306
5945,0.4942422192988661
5946,0.5002570782268527
5947,0.49088607004664303
5948,0.5030403063027028
5949,0.4923905445940405
5950,0.49915905856387105
5951,0.498301465030747
5952,0.49597736506745466
5953,0.49745638956351024
5954,0.4834018534404646
5955,0.4973213783721041
5956,0.49698440646200376
5957,0.4940183321768404
5958,0.4964201943371088
5959,0.490647497256912
5960,0.5011863628533215
5961,0.4941252240801388
5962,0.495949698066254
5963,0.4939805470206286
5964,0.5024619083056214
5965,0.49567034352648076
5966,0.5100279728714671
5967,0.4993092916469887
5968,0.5002062593171455
5969,0.5010699913426976
5970,0.49918802941195317
5971,0.5030403063027028
5972,0.4946547041692185
5973,0.49727018189662986
5974,0.5030403063027028
5975,0.5068267305349534
5976,0.4964201943371088
5977,0.505619440016058
5978,0.5010675429806534
5979,0.5042772043356907
5980,0.4982692908253542
5981,0.49945470421812443
