enrollee_id,target
7129,0.71
31037,0.47
22179,0.54
29724,0.58
17977,0.2
30328,0.49
9446,0.05
13697,0.07
1184,0.18
23961,0.08
6678,0.45
8036,0.77
17965,0.95
4072,0.04
4227,0.01
25537,0.0
21570,0.55
13081,0.6
14738,0.16
29682,0.7
17682,0.02
31754,0.09
19571,0.71
31449,0.08
31499,0.49
1875,0.62
20322,0.19
11012,0.07
25952,0.09
14563,0.91
10374,0.29
19570,0.62
8630,0.12
9722,0.5
16493,0.19
20636,0.26
17628,0.23
24537,0.14
562,0.03
388,0.27
9615,0.25
1024,0.085
14795,0.0
26122,0.15
6476,0.37
6580,0.64
12291,0.53
13868,0.52
30447,0.18
29763,0.14
6448,0.15
24943,0.32
3330,0.08
30049,0.29
7404,0.19
5442,0.21
1113,0.08
41,0.09
22981,0.11
24407,0.11
8715,0.12
16071,0.51
28082,0.22
1883,0.08
11446,0.66
30964,0.35
8591,0.04
11660,0.11
31610,0.01
27271,0.01
10785,0.04
18416,0.48
2780,0.11
10544,0.55
19882,0.11
554,0.03
32205,0.02
13718,0.05
21846,0.54
11572,0.1
32481,0.75
26408,0.28
27461,0.04
9916,0.0
13553,0.42
32214,0.32
27643,0.09
21357,0.73
8623,0.02
14569,0.57
22020,0.56
14642,0.04
2261,0.6
3538,0.0
27247,0.02
4554,0.69
24883,0.35
23155,0.13
26287,0.12
32632,0.05
6637,0.15
18172,0.12
6352,0.1
10906,0.04
16403,0.49
13041,0.17
25838,0.36
13700,0.07
31581,0.07
7237,0.28
10136,0.11
22384,0.3
8311,0.0
27310,0.85
16397,0.04
30139,0.07
12344,0.07
9538,0.14
19575,0.06
10753,0.21
23324,0.1
9924,0.04
14989,0.56
31412,0.0
16642,0.53
745,0.2
31999,0.46
1338,0.08
9642,0.51
16443,0.55
2831,0.25
3746,0.2
7845,0.67
7238,0.61
9901,0.31
30971,0.745
29529,0.1
19445,0.04
22721,0.09
23315,0.12
29639,0.03
10832,0.05
8709,0.02
28858,0.02
3695,0.02
24402,0.02
856,0.12
20398,0.61
21719,0.03
19475,0.03
11568,0.51
25031,0.02
21307,0.59
20816,0.85
16425,0.17
27349,0.17
31918,0.03
12078,0.08
16906,0.17
3977,0.16
12608,0.15
463,0.32
27516,0.41
30277,0.25
8282,0.12
8109,0.28
1659,0.05
21611,0.15
14017,0.01
3318,0.065
6454,0.08
17961,0.2
14416,0.23
11487,0.18
28358,0.1
23525,0.28
27826,0.26
2035,0.77
13245,0.17
32065,0.03
30853,0.31
32452,0.59
2486,0.01
4045,0.54
5079,0.12
33118,0.07
26826,0.02
20961,0.11
3581,0.69
20871,0.08
7833,0.17
8502,0.23
14194,0.07
21045,0.14
2173,0.01
19369,0.31
23509,0.03
10061,0.08
30527,0.13
13613,0.14
25335,0.09
8368,0.43
6662,0.18
20305,0.04
7061,0.52
4557,0.18
20190,0.15
15125,0.6
14027,0.07
27554,0.06
23428,0.6
25856,0.25
31793,0.27
15093,0.08
25197,0.03
33332,0.21
7975,0.06
7660,0.03
6426,0.05
13427,0.37
18448,0.01
21280,0.58
17325,0.57
11704,0.11
13860,0.04
14072,0.05
33336,0.75
18773,0.41
14517,0.07
24662,0.05
19414,0.17
3667,0.02
29499,0.51
22158,0.37
2192,0.21
21804,0.15
11586,0.27
4722,0.07
33144,0.3
13519,0.19
16529,0.59
24745,0.23
8128,0.41
21883,0.23
23812,0.09
32206,0.45
1867,0.53
8475,0.27
17296,0.76
2757,0.01
30292,0.56
4964,0.14
17025,0.1
28790,0.13
15724,0.6
22051,0.25
19004,0.63
6802,0.11
9687,0.21
2248,0.01
3990,0.25
18410,0.64
12183,0.68
1728,0.06
3924,0.0
19736,0.11
10620,0.06
18641,0.2
425,0.12
30248,0.0
8409,0.22
19978,0.23
24090,0.75
31442,0.31
600,0.14
6207,0.09
28469,0.0
9693,0.08
28127,0.4
18626,0.57
11472,0.01
24751,0.06
14394,0.51
20123,0.55
18619,0.03
25910,0.1
15604,0.51
7940,0.11
18694,0.11
18349,0.58
1321,0.04
7264,0.65
31068,0.39
17306,0.74
21007,0.01
819,0.87
15597,0.44
16958,0.04
19275,0.0
1201,0.3
5172,0.58
13404,0.12
13731,0.28
11775,0.0
10766,0.63
5766,0.0
30610,0.16
25068,0.62
13019,0.46
9311,0.01
28828,0.06
16163,0.06
21770,0.03
3301,0.16
22703,0.07
24323,0.59
32382,0.12
1383,0.15
32803,0.1
31239,0.12
1585,0.02
23137,0.15
27534,0.12
6059,0.01
32170,0.15
11528,0.01
20799,0.05
27238,0.34
10781,0.57
19803,0.1
13737,0.13
6410,0.16
27242,0.04
3824,0.24
9845,0.06
6470,0.14
18678,0.09
26598,0.01
45,0.17
26623,0.74
22245,0.0
12562,0.26
15448,0.02
22647,0.03
5747,0.79
25723,0.01
32683,0.0
7574,0.04
28414,0.15
25989,0.04
25141,0.63
7111,0.06
2058,0.24
13637,0.18
23591,0.08
20039,0.51
158,0.82
15331,0.48
18628,0.04
1458,0.15
14818,0.59
33297,0.38
31135,0.46
25391,0.63
3682,0.25
20131,0.79
31872,0.01
27766,0.33
27402,0.0
29432,0.17
10476,0.01
33113,0.08
5755,0.02
24964,0.37
25379,0.11
23905,0.43
13339,0.63
33373,0.07
20491,0.45
15866,0.29
21196,0.02
7513,0.03
16738,0.16
24393,0.05
28352,0.05
31953,0.05
21732,0.27
7221,0.1
10592,0.09
18656,0.06
802,0.11
5500,0.42
19635,0.15
23165,0.14
25445,0.53
26835,0.77
25575,0.95
1695,0.02
4875,0.56
33238,0.52
14846,0.26
13179,0.02
18874,0.13
21665,0.07
3045,0.04
13342,0.5
2521,0.07
28611,0.0
16000,0.18
13098,0.53
28813,0.32
28415,0.97
14902,0.09
21880,0.04
10043,0.04
28021,0.04
16686,0.22
2997,0.17
22818,0.06
6907,0.66
12845,0.06
32805,0.5
8930,0.49
27322,0.66
15803,0.17
5013,0.12
32240,0.46
12788,0.14
24774,0.14
14269,0.21
7075,0.14
6472,0.69
17212,0.45
19251,0.59
11884,0.56
19252,0.01
16719,0.2
8815,0.38
17713,0.34
20873,0.32
6208,0.44
21896,0.25
6004,0.03
6516,0.04
20439,0.06
26084,0.66
308,0.08
10535,0.03
21427,0.05
28557,0.1
17491,0.11
422,0.34
31625,0.08
7483,0.05
32230,0.785
32434,0.12
14769,0.13
28914,0.08
16547,0.67
30686,0.05
11714,0.24
27293,0.09
14256,0.21
13746,0.06
13003,0.09
8862,0.22
20440,0.02
26362,0.63
26132,0.07
25409,0.05
9058,0.51
1637,0.63
20265,0.16
19819,0.0
4094,0.03
32265,0.03
3718,0.13
15069,0.12
20720,0.05
10507,0.08
3119,0.03
1935,0.11
7133,0.01
20715,0.18
27932,0.0
23853,0.02
31033,0.26
14439,0.81
3814,0.2633333333333333
16262,0.23
951,0.056666666666666664
25002,0.18
17118,0.24
31289,0.03
11941,0.26
5700,0.18
16950,0.77
4733,0.05
10789,0.64
26357,0.09
6170,0.04
8118,0.11
32146,0.05
29100,0.13
28956,0.64
29903,0.09
18001,0.14
757,0.03
6631,0.3
52,0.12
11689,0.07
33261,0.25
15825,0.01
7867,0.56
9823,0.12
14277,0.55
22552,0.76
27866,0.03
30815,0.09
10577,0.52
17846,0.06
29411,0.0
25052,0.13
5726,0.08
5651,0.01
2996,0.12
19449,0.43
21278,0.19
32942,0.06
25399,0.12
29261,0.06
22515,0.23
20779,0.05
25812,0.37
15518,0.77
1819,0.38
31787,0.19
24667,0.01
26900,0.02
22669,0.14
2253,0.66
27394,0.15
18788,0.03
27530,0.16
22003,0.21
21093,0.6
26321,0.21
12456,0.31
9026,0.26
12761,0.16
32774,0.33
17241,0.21
21754,0.25
26250,0.01
27100,0.58
27747,0.81
18651,0.64
7887,0.41
28506,0.07
2412,0.01
19216,0.02
27020,0.07
4575,0.08
721,0.12
8846,0.11
2686,0.03
29793,0.02
12982,0.06
6934,0.81
6161,0.09
29089,0.06
30306,0.55
651,0.01
18465,0.02
23842,0.1
26944,0.03
3554,0.05
16137,0.47
9788,0.06
30159,0.18
23731,0.1
1779,0.22
5893,0.25
6060,0.15
17966,0.16
24033,0.26
27324,0.46
8629,0.17
23479,0.62
32611,0.07
31726,0.51
10487,0.19
27890,0.64
15075,0.18
20231,0.29
13926,0.33
4723,0.44
18358,0.5
17492,0.53
31718,0.14
22332,0.25
12861,0.17
24288,0.32
25837,0.12
26506,0.41
17565,0.26
27157,0.27
1919,0.25
12987,0.55
22228,0.47
22924,0.21
20684,0.23
17677,0.21
18236,0.06
28218,0.02
26259,0.13
18993,0.28
17339,0.57
4033,0.07
4216,0.29
9744,0.13
8910,0.05
2946,0.52
10153,0.75
25704,0.89
29464,0.55
3537,0.02
10687,0.75
12871,0.29
8560,0.17
30323,0.03
25793,0.01
29331,0.07
26401,0.15
359,0.71
31067,0.11
30188,0.52
12271,0.03
19959,0.25
33077,0.14
3107,0.17
25660,0.51
21160,0.81
29538,0.8
5604,0.6
4817,0.48
30858,0.09
19861,0.13
7145,0.15
6429,0.08
14757,0.73
31779,0.59
1756,0.45
25324,0.064
4638,0.64
21426,0.11
19153,0.09
18489,0.65
13158,0.15
9532,0.08
3355,0.165
864,0.07
28947,0.43
25834,0.03
3343,0.43
13537,0.3544047619047619
26639,0.59
13099,0.07
9001,0.31
13616,0.53
4007,0.0
23952,0.03
20609,0.26
18553,0.14
15479,0.6
33050,0.1
24511,0.1
2072,0.09
30192,0.52
26039,0.5
23486,0.11
12294,0.08
20575,0.65
22880,0.3
2590,0.06
13074,0.34
16682,0.58
14978,0.02
14405,0.21
22333,0.17
10607,0.11
375,0.04
2031,0.04
328,0.23
14171,0.75
30318,0.14
1417,0.45
9513,0.34
22132,0.2
26191,0.07
10193,0.11
4712,0.13
491,0.03
948,0.1
2841,0.0
17345,0.07
32989,0.35
19179,0.19
27196,0.45
9092,0.33
5024,0.45
9913,0.45
31060,0.76
12509,0.01
17038,0.12
7004,0.11
9297,0.65
29702,0.31
8531,0.09
12942,0.64
17947,0.24
31505,0.03
5396,0.28
3247,0.26
3937,0.06
23054,0.385
18818,0.81
21498,0.06
20007,0.01
9720,0.1
19196,0.18
2754,0.15
32261,0.52
6850,0.07
8810,0.13
30760,0.57
17132,0.16
23475,0.16616666666666668
7307,0.07
16422,0.06
30664,0.31
30450,0.03
24672,0.39
15110,0.04
16434,0.17
11839,0.13
5697,0.1
229,0.17
26124,0.1
28729,0.3
11628,0.92
18582,0.21
2940,0.14
15577,0.49
31156,0.0
10915,0.29
302,0.06
15547,0.06
13046,0.76
18527,0.15
11661,0.03
5107,0.06
24257,0.49
20850,0.04
32872,0.17
17144,0.67
28851,0.045
3514,0.07
33188,0.57
8090,0.03
14847,0.25
21446,0.6
5637,0.89
2807,0.0
24397,0.59
19915,0.6
16668,0.08
10254,0.12
24007,0.04
10375,0.16
23673,0.54
28104,0.06
20617,0.06
5796,0.39
12094,0.12
2193,0.28
22722,0.32
32652,0.15
30022,0.02
22153,0.07
33023,0.15
24844,0.38
28385,0.61
8262,0.44
18922,0.64
29311,0.18
21417,0.53
14861,0.45
3691,0.02
24687,0.28
10936,0.06
30385,0.08
6729,0.48
1264,0.13
25213,0.14
16731,0.01
13650,0.09
22787,0.06
19367,0.27
11635,0.04
15740,0.59
32244,0.02
17298,0.16
31264,0.01
6128,0.03
26827,0.22
26229,0.12
5169,0.71
19036,0.05
5743,0.44
18662,0.88
5946,0.03
257,0.08
21468,0.61
17830,0.14
20574,0.33
28205,0.09
10869,0.07
22393,0.34
7927,0.04
30839,0.09
5371,0.68
22554,0.62
24519,0.17
22314,0.18
1199,0.1
32045,0.61
7169,0.08
7841,0.11
15067,0.11
26143,0.42
12981,0.22
9114,0.01
13005,0.17
17722,0.0
26024,0.08
11773,0.49
12118,0.13
4181,0.14
13086,0.04
3643,0.07
11754,0.03
2985,0.14
28771,0.04
5326,0.14
7489,0.08
11112,0.04
15294,0.83
9418,0.03
22966,0.02
30268,0.54
4874,0.1
17843,0.14
7944,0.08
8246,0.35
12305,0.26
6731,0.07
31682,0.23
25368,0.06
32590,0.45
32242,0.83
23823,0.09
6937,0.43
18093,0.15
22087,0.02
26455,0.75
25065,0.69
13966,0.23
23071,0.0
8640,0.06
8751,0.14
32084,0.03
23159,0.56
9447,0.16
15602,0.08
18040,0.01
5686,0.14
14107,0.02
11530,0.15
14436,0.45
8826,0.33
4510,0.01
8340,0.1
26460,0.07
28953,0.42
31794,0.02
24365,0.79
8247,0.11
9118,0.35
29090,0.79
32068,0.46
30825,0.37
14244,0.38
15896,0.16
2462,0.21
26662,0.02
22959,0.84
9200,0.22
6420,0.72
33172,0.62
5845,0.78
26976,0.09
22585,0.6
18952,0.05
32527,0.01
8842,0.18
12556,0.36
28148,0.09
31478,0.04
28979,0.85
14304,0.29
7731,0.32
2088,0.38
18087,0.07
25940,0.05
32500,0.53
11671,0.31
29250,0.38
15654,0.13
18675,0.74
1820,0.47
16399,0.11
18453,0.05
11597,0.45
30117,0.03
29836,0.6983333333333333
31101,0.04
5216,0.78
24354,0.67
15605,0.3
18444,0.13
19176,0.09
5059,0.62
23755,0.1
4831,0.21
30835,0.63
17742,0.11
4673,0.08
5990,0.57
33296,0.02
26549,0.64
32983,0.05
1209,0.05
12540,0.02
20370,0.11
24589,0.22
30855,0.49
2636,0.56
8163,0.55
10765,0.28
6754,0.2
24770,0.02
8525,0.21
19235,0.07
24500,0.5
2634,0.62
6570,0.1
10425,0.0
6764,0.87
20248,0.05
15418,0.1
21413,0.04
3878,0.28
19106,0.02
3591,0.09
13408,0.79
21190,0.07
31185,0.32
24078,0.27
23386,0.47
17686,0.16
8784,0.14
9365,0.02
13535,0.7
14133,0.05
23648,0.09
8223,0.29
19639,0.44
21843,0.1
30751,0.7
27048,0.94
11774,0.01
28116,0.24
898,0.06
11739,0.09
13653,0.64
10094,0.17
3545,0.51
20433,0.74
31216,0.01
9741,0.14
27101,0.49
18014,0.53
24015,0.26
27197,0.1
32831,0.15
28419,0.43
440,0.26
10552,0.56
30057,0.48
5418,0.4
31132,0.45
28674,0.07
23743,0.44
10491,0.12
16187,0.175
1665,0.22
23431,0.03
2865,0.04
29245,0.46
20518,0.66
31843,0.09
10106,0.03
19519,0.73
16115,0.94
24905,0.56
7057,0.07
15089,0.03
20587,0.17
13710,0.22
1428,0.06
19328,0.18
22622,0.2
23308,0.31
20703,0.15
2849,0.19
12129,0.02
17215,0.84
3742,0.12
23470,0.09
13584,0.05
17805,0.15
6074,0.02
15502,0.03
4697,0.29
12434,0.01
18067,0.09
13702,0.17
12707,0.51
31213,0.43
11260,0.05
31926,0.13
20901,0.36
5560,0.26
19353,0.7
31605,0.05
13238,0.2333333333333333
17246,0.65
4041,0.0
3566,0.0
30597,0.1
30635,0.51
5653,0.16
30812,0.07
1877,0.09
10025,0.07
16335,0.15
20030,0.03
5122,0.51
30469,0.02
33060,0.21
31589,0.3
1149,0.36
19674,0.01
11637,0.63
14225,0.01
2405,0.09
29806,0.31
10,0.06
3533,0.09
20389,0.65
9627,0.69
910,0.15
22495,0.12
8937,0.55
5978,0.8
22970,0.29
28850,0.0
17913,0.68
6178,0.0
10545,0.05
22432,0.08
2703,0.39
3166,0.42
20258,0.09
30329,0.46
12364,0.01
23148,0.14
3495,0.1
14489,0.01
11306,0.01
2096,0.1
27094,0.03
30480,0.16
22651,0.38
8385,0.29
17758,0.37
11226,0.19
940,0.035
17456,0.13
8091,0.58
19628,0.69
2241,0.64
18025,0.06733333333333333
16789,0.08
33013,0.18
9980,0.11
16064,0.01
32809,0.62
13815,0.4
1866,0.4
17311,0.15
4268,0.0
31124,0.1
23167,0.17
24801,0.0
29846,0.39
5633,0.52
23443,0.26
31712,0.08
10527,0.38
17575,0.08
33252,0.24
23000,0.24
28795,0.08
1505,0.14
11178,0.46
3401,0.06
15001,0.01
23413,0.52
30845,0.4
30257,0.62
21156,0.63
17982,0.68
25266,0.14
24367,0.02
1892,0.68
188,0.16
11696,0.03
33273,0.08
6499,0.62
16364,0.76
7044,0.05
21517,0.64
27052,0.01
10511,0.59
19292,0.18
3913,0.07
9890,0.04
11885,0.07
3224,0.32
18326,0.61
25561,0.0
15046,0.03
15060,0.11
14298,0.17
20734,0.03
21295,0.67
5147,0.0
8001,0.73
16148,0.02
21527,0.71
2044,0.16
11030,0.19
15667,0.16
3981,0.14
18725,0.08
16667,0.16
25421,0.01
15779,0.58
6083,0.33
31502,0.03
1538,0.045
26094,0.2
29144,0.81
6920,0.0
14726,0.06
26678,0.375
23208,0.08
17984,0.06
285,0.11666666666666665
25000,0.0
9814,0.01
27329,0.19
2145,0.02
21313,0.08
16476,0.49
27408,0.18
23818,0.13
13512,0.52
8548,0.56
21361,0.73
9496,0.28
10758,0.47
12061,0.09
11810,0.62
23661,0.58
29007,0.02
19144,0.5
8166,0.21
29037,0.07
16330,0.02
922,0.22
20223,0.29
18809,0.429
4656,0.08
23041,0.09
25633,0.24
4778,0.78
19110,0.16
19769,0.15
4409,0.01
12522,0.38
17473,0.46
26876,0.12
1133,0.01
17443,0.04
12346,0.57
17963,0.04
5014,0.4
23177,0.09
22465,0.01
3481,0.14
8668,0.16
3845,0.02
29442,0.63
7344,0.05
8760,0.08
11821,0.08
32047,0.24
1029,0.17
11003,0.26
5406,0.12
13332,0.49
6577,0.6
19804,0.08
8951,0.65
29528,0.01
3736,0.71
3034,0.02
3160,0.18
24882,0.65
24379,0.57
12323,0.69
5200,0.7
19886,0.62
27549,0.09
14421,0.69
9009,0.03
21269,0.09
4238,0.22
12661,0.37
14546,0.05
9613,0.06
7337,0.05
17131,0.01
28209,0.14
11944,0.1
12414,0.84
7299,0.1
14316,0.56
5339,0.04
4349,0.05
12934,0.04
13054,0.17
31745,0.2
24004,0.57
33314,0.056666666666666664
14485,0.43
27260,0.05
24872,0.41
7643,0.43
9079,0.04
9393,0.26
29482,0.08
30092,0.08
25019,0.48
21982,0.0
22951,0.02
11067,0.25
32692,0.83
14728,0.09
24109,0.07
28072,0.77
14513,0.14
27590,0.42
15415,0.03
2147,0.4
2103,0.75
7345,0.01
6229,0.18
22249,0.03
7431,0.05
12508,0.48
30363,0.05
21294,0.21
8887,0.01
30439,0.47
23123,0.08
488,0.09
31372,0.23
27959,0.53
11973,0.08
722,0.16
10265,0.06
13705,0.05
16656,0.12
26390,0.05
4469,0.52
14510,0.16
31490,0.66
31705,0.655
6107,0.11
24399,0.06
15449,0.18
12009,0.55
29670,0.17
22547,0.41
6158,0.03
4126,0.0
31815,0.12
27849,0.04
7657,0.11
30896,0.32
15036,0.81
11407,0.5
22822,0.04
26896,0.13
15377,0.63
3257,0.0
117,0.15
14295,0.07
23753,0.11
31500,0.32
23510,0.16
3106,0.02
16381,0.08
23462,0.59
25709,0.03
26602,0.02
1882,0.23
22463,0.51
21119,0.17
1584,0.07
14234,0.04
33163,0.15
16453,0.11
11998,0.43
927,0.08
7946,0.23
20668,0.69
19345,0.57
22901,0.12
4990,0.03
21404,0.73
12444,0.13
1769,0.09
3983,0.2
6943,0.51
6783,0.05
11199,0.52
2047,0.05
8727,0.01
7181,0.63
15675,0.28
13531,0.13
32769,0.23
6949,0.88
18215,0.03
32901,0.11
31359,0.06
8059,0.2
29485,0.77
29449,0.69
25625,0.39
26406,0.09
16191,0.53
22796,0.9
32224,0.02
17735,0.89
4513,0.21
1258,0.35
19931,0.08
24011,0.48
7978,0.59
31890,0.04
6801,0.58
18075,0.01
5452,0.08
2678,0.21
26428,0.75
13937,0.14
4006,0.56
27016,0.02
12807,0.09
389,0.18
4535,0.07
27748,0.55
12813,0.3
22728,0.01
33056,0.7
20072,0.04
31005,0.62
19902,0.38
21505,0.13
26013,0.07
19248,0.35
19076,0.55
26889,0.01
2722,0.21
19933,0.02
26830,0.15
32079,0.08
3329,0.7
30002,0.07
9474,0.1
2310,0.09
22896,0.53
10733,0.51
21674,0.47
7352,0.03
20991,0.35
5437,0.73
20732,0.08
12066,0.49
5036,0.17
32313,0.07
28870,0.47
32330,0.27
29086,0.14
3865,0.25
7157,0.18
24339,0.12
27600,0.13
16800,0.52
9060,0.22
10919,0.64
12530,0.48
15567,0.14
21001,0.06
5357,0.19
22048,0.12
3265,0.35
14582,0.34
32663,0.14
2698,0.23
12327,0.5783333333333333
12794,0.06
17227,0.3
13681,0.03
9986,0.08
7728,0.1
316,0.65
18758,0.41
20985,0.12
3839,0.1
32260,0.42
23754,0.41
21447,0.58
29376,0.54
9486,0.04
19289,0.34
18361,0.3
29754,0.04
31210,0.02
28166,0.06
19589,0.19
15071,0.43
1829,0.5
22074,0.07
31117,0.73
14704,0.03
18584,0.62
20864,0.79
28550,0.37
4853,0.47
21320,0.62
30993,0.13
4758,0.15
10032,0.2
24338,0.36
19638,0.04
16114,0.03
31159,0.79
218,0.12
6227,0.06
24436,0.4
16815,0.49
20702,0.07
29834,0.52
381,0.69
31163,0.68
8769,0.77
22704,0.32
24173,0.58
22054,0.37
11840,0.26
14425,0.48
27986,0.08
13990,0.37
6169,0.6
30755,0.49
2968,0.11
23658,0.56
460,0.18
23641,0.2633333333333333
13290,0.53
30424,0.11
15987,0.13
24269,0.1
23278,0.18
13766,0.13
12786,0.12
7175,0.02
3091,0.45
8438,0.03
18390,0.46
25219,0.51
27301,0.81
9390,0.61
5538,0.34
11305,0.41
8321,0.205
15226,0.07
26573,0.37
32390,0.54
16179,0.5916666666666667
16121,0.04
14734,0.06
26851,0.05
17459,0.14
17897,0.04
28094,0.55
580,0.05
10363,0.56
22508,0.15
20353,0.6
19416,0.55
21006,0.02
12466,0.05
12660,0.67
8346,0.64
4893,0.41
25742,0.07
27368,0.07
4104,0.26
20399,0.49
13932,0.31
28458,0.13
29101,0.12
26650,0.11
27872,0.56
14005,0.12
14047,0.58
12733,0.09
18317,0.77
26867,0.48
24479,0.07
15051,0.0
7330,0.14
8661,0.17
23623,0.12816666666666665
2179,0.1
4196,0.14
5773,0.83
13810,0.06
21008,0.14
28318,0.24
17369,0.48
32846,0.54
653,0.25
14688,0.2
32473,0.21
29562,0.12
18817,0.58
2333,0.69
8143,0.65
1039,0.22
22014,0.08
5987,0.08
16788,0.12
32512,0.43
11843,0.23
18732,0.11
2028,0.11
9525,0.45
10335,0.0
29264,0.15
3227,0.09
2478,0.76
715,0.05
13759,0.17
17395,0.6
16136,0.09
21645,0.09
17887,0.56
32199,0.34
10849,0.06
23129,0.14
4536,0.22
26163,0.255
7151,0.03
1961,0.68
21684,0.04
13792,0.02
6265,0.15
20209,0.11
3755,0.11
23291,0.05
15517,0.17
18968,0.03
25430,0.0
2389,0.16
24287,0.38
8688,0.05
24988,0.85
13459,0.17
32751,0.06
15976,0.31
27231,0.05
14487,0.4
2485,0.04
17974,0.12
12754,0.23
18254,0.18
1792,0.35
1221,0.06
31997,0.02
16384,0.02
13941,0.11
769,0.0
30303,0.11
24722,0.03
10920,0.01
19665,0.55
11761,0.0
19600,0.08
11242,0.07
3873,0.45
12966,0.16
10595,0.05
21631,0.23
23471,0.44666666666666666
20672,0.13
10200,0.12
8167,0.04
14804,0.31
10848,0.05
213,0.71
16872,0.16
15919,0.12
16483,0.75
4520,0.19
31599,0.16
11946,0.53
31601,0.12
1609,0.02
11427,0.52
8162,0.11
14927,0.51
12353,0.27
25044,0.63
3531,0.23
1225,0.15
31947,0.5
24568,0.25
17571,0.02
8371,0.58
13354,0.17
1311,0.32
4490,0.05
5721,0.15
16520,0.63
14130,0.08
17488,0.62
22892,0.14
28844,0.03
14197,0.1
10895,0.01
20463,0.6
19276,0.58
29612,0.51
26751,0.44
25366,0.06
8021,0.79
211,0.08
30888,0.7
26562,0.01
5982,0.02
1707,0.04
7888,0.38
12766,0.2
19592,0.47
20560,0.09
23395,0.05
15616,0.03
29934,0.38
14382,0.09
3406,0.02
5771,0.02
20294,0.1
138,0.09
30863,0.81
7824,0.1
32011,0.07
12746,0.0
27088,0.47
12662,0.09
3426,0.05
15097,0.05
32784,0.16
3872,0.0
19194,0.08
23473,0.55
33298,0.07
17365,0.42
18543,0.22
17368,0.46
30129,0.1
2406,0.02
26100,0.02
2939,0.08
27582,0.02
26064,0.07
25458,0.15
33276,0.09
7537,0.54
16687,0.18
18829,0.29
27732,0.13
21150,0.03
28182,0.16
3064,0.15
25489,0.15
10934,0.04
11576,0.32
3315,0.05
25765,0.11
18586,0.11
10369,0.02
5826,0.7
22076,0.07
33150,0.59
9030,0.65
14359,0.61
5599,0.05
6936,0.8
14744,0.06
18759,0.81
12523,0.1
8179,0.07
24823,0.59
26063,0.09
30269,0.92
13634,0.12
14683,0.07
21954,0.24
1244,0.04
6557,0.2
29302,0.42
8597,0.04
22281,0.58
21474,0.19
27997,0.03
19327,0.24
4572,0.07
24105,0.54
24836,0.04
13703,0.09
1430,0.35
4155,0.01
18858,0.11
24928,0.53
28612,0.15
29881,0.54
3665,0.1
25945,0.09
26922,0.37
4172,0.11
18362,0.44
13559,0.57
32661,0.42
22868,0.06
10148,0.05
24909,0.73
3308,0.09
21157,0.14
31189,0.72
31392,0.14
21034,0.35
7384,0.0
17142,0.35
18009,0.19
30412,0.3
2818,0.02
27221,0.04
16016,0.08
24559,0.11
19283,0.22
25066,0.12
15446,0.04
9084,0.03
7868,0.87
1549,0.13
19623,0.02
5237,0.04
28428,0.22
18621,0.67
12057,0.13
19384,0.41
19317,0.03
30561,0.47
9798,0.06
3449,0.07
31136,0.42
23353,0.59
30436,0.17
17582,0.08
4336,0.05
2200,0.84
18145,0.16
20036,0.02
5220,0.32
24113,0.06
10808,0.69
21329,0.07
32253,0.24
2793,0.03
21510,0.38
31880,0.55
30622,0.6
22315,0.06
708,0.04
20454,0.63
13022,0.06
4180,0.08
13978,0.35
5153,0.01
2619,0.01
20364,0.2
29148,0.18
20052,0.08
32825,0.12
20481,0.84
7113,0.14
843,0.06
25022,0.54
7702,0.01
468,0.04
32053,0.66
30127,0.03
22723,0.04
31327,0.12
24879,0.5
9477,0.08
14696,0.54
10555,0.03
15417,0.66
15205,0.06
9920,0.02
25916,0.02
13594,0.56
11496,0.07
7313,0.17
1794,0.08
27655,0.02
12577,0.03
1646,0.52
15857,0.03
126,0.09
32605,0.12
14610,0.06
2675,0.15
32552,0.03
18480,0.05
3503,0.07
24118,0.43
25853,0.13
25020,0.77
23645,0.01
21290,0.06
22917,0.33
999,0.05
32343,0.07
3052,0.58
4310,0.15
26820,0.08
30662,0.04
28212,0.89
19309,0.25
18047,0.08
7194,0.14
10615,0.05
3640,0.06
8783,0.44
30620,0.12
6406,0.08
31619,0.41
16516,0.49
22425,0.05
17789,0.05
4705,0.27
30794,0.05
15999,0.14
10305,0.92
29930,0.0
11266,0.07
3686,0.06
15498,0.25
4966,0.03
24949,0.15
3728,0.01
16837,0.73
28559,0.08
22397,0.01
31515,0.02
27472,0.71
17776,0.4
2969,0.04
13320,0.7533333333333333
30986,0.78
9969,0.6
6152,0.11
29926,0.57
7985,0.01
26336,0.02
26166,0.18
11320,0.08
3999,0.03
20810,0.18
18899,0.08
13571,0.1
25152,0.6
8391,0.05
18103,0.11
30499,0.15333333333333332
15868,0.53
7184,0.04
33338,0.31
17419,0.17
31719,0.13
8687,0.09
19180,0.865
10989,0.17
31399,0.51
26185,0.03
15127,0.26
23388,0.29
18845,0.23
23482,0.5
21586,0.49
14943,0.04
3517,0.06
14278,0.08
12779,0.18
6855,0.08
2392,0.12
13328,0.46
22344,0.8
30279,0.0
18385,0.63
26593,0.91
20313,0.27
2828,0.03
12431,0.67
4323,0.02
693,0.23
20916,0.14
17809,0.01
18332,0.13
9016,0.51
26595,0.18
7648,0.475
13410,0.61
22252,0.12
11015,0.08
9129,0.0
10890,0.28
25178,0.28
21699,0.24
7509,0.04
22907,0.0
26516,0.26
30134,0.3
5779,0.03
5828,0.075
31320,0.09
13415,0.19
22952,0.09
2717,0.03
15749,0.09
10204,0.02
10440,0.084
11981,0.64
33292,0.63
3737,0.12
20654,0.69
4317,0.29
23914,0.16
28019,0.67
30265,0.26
14097,0.11
2593,0.08
20731,0.17
19244,0.03
27836,0.06
30426,0.3
2574,0.01
22537,0.11
28906,0.06
13494,0.08
25078,0.19
31090,0.59
26251,0.18
27565,0.19
12154,0.02
29163,0.11
30659,0.76
20981,0.08
7699,0.5615
10957,0.63
14286,0.03
16907,0.6
17284,0.47
20547,0.31
28434,0.06
27838,0.03
30591,0.25
14434,0.64
8867,0.13
29978,0.78
24335,0.18
6022,0.07
15323,0.77
9389,0.11
4156,0.21
32515,0.07
15701,0.04
6670,0.16
21271,0.16
20826,0.03
4221,0.06
5606,0.08
7652,0.44
1065,0.04
747,0.09
9347,0.31
31242,0.13
23402,0.8
26708,0.03
251,0.04
6104,0.08
19870,0.68
21582,0.27
5830,0.75
22884,0.06
31717,0.63
726,0.08
32505,0.6
28882,0.18
19095,0.09
18186,0.47
6649,0.12
17095,0.48
26490,0.05
7310,0.28
7435,0.05
5443,0.04
31168,0.19
27107,0.0
11543,0.11
4825,0.58
14822,0.1
25286,0.19
6581,0.04
12188,0.55
19307,0.12
22584,0.7
15777,0.2
27467,0.81
33031,0.01
14656,0.64
27633,0.14
29685,0.06
3360,0.07
6708,0.56
18478,0.48
21102,0.06
4411,0.1
32797,0.04
403,0.19
9277,0.15
30763,0.81
31586,0.03
18938,0.11
6539,0.66
24301,0.38
28100,0.09
29225,0.04
20008,0.02
11452,0.53
31048,0.08
29440,0.45
32051,0.07
11937,0.03
18708,0.51
29957,0.16
24903,0.77
5043,0.57
30089,0.56
27899,0.07
18086,0.24
22960,0.08
12180,0.12
30093,0.09
27480,0.43
26755,0.25
28699,0.09
9661,0.83
21874,0.28
9813,0.54
28722,0.6
26169,0.53
4176,0.44
18246,0.55
5598,0.56
10035,0.15
15104,0.06
21778,0.21983333333333335
25240,0.59
21554,0.38
29251,0.27
11793,0.48
1037,0.08
19084,0.02
13913,0.58
16896,0.04
32061,0.07
438,0.04
29967,0.07
11819,0.08
30685,0.17
8242,0.6
21551,0.01
25369,0.18
30138,0.82
32593,0.03
14009,0.34
20420,0.23
33139,0.43
14949,0.14
20406,0.6
30704,0.25
8636,0.05
31720,0.29
19249,0.02
16446,0.02
15404,0.22
22336,0.55
28984,0.0
24232,0.5
6758,0.1
13560,0.43
7819,0.82
16927,0.67
21306,0.09
17216,0.22
28110,0.09
13692,0.03
24775,0.99
27623,0.3
5379,0.61
26299,0.75
15934,0.02
26270,0.14
20603,0.15
22832,0.39
6553,0.14
5920,0.08
32993,0.1
30972,0.02
3485,0.09
17294,0.01
17401,0.69
11779,0.13
11562,0.09
3004,0.06
14791,0.14
9385,0.07
16894,0.02
22809,0.69
28425,0.02
15873,0.09
11940,0.05
7491,0.13
19910,0.55
23264,0.08
23274,0.07
17364,0.39
24714,0.44
33005,0.43
15775,0.07
13299,0.62
22743,0.5
962,0.57
9801,0.02
1971,0.08
2429,0.04
20271,0.17
17801,0.68
9179,0.59
11699,0.64
27869,0.7
3322,0.14
2880,0.22
20416,0.12
6063,0.11
10101,0.1
22491,0.64
27256,0.72
35,0.15
30251,0.26
8551,0.13
2986,0.2366666666666667
24126,0.49
9350,0.63
29544,0.06
22258,0.13
22473,0.71
13390,0.65
10438,0.89
25226,0.05
4856,0.43
24096,0.15
11702,0.45
5436,0.02
26025,0.36
15114,0.02
23310,0.52
16471,0.86
33084,0.7
16300,0.37
4097,0.05
6564,0.18
13234,0.19
10835,0.26
5876,0.66
14695,0.36
19376,0.36
25818,0.16
23519,0.81
7842,0.33
22521,0.21666666666666665
11101,0.33
25276,0.37
9096,0.0
12310,0.34
23008,0.05
16374,0.03
1048,0.16
4459,0.11
11947,0.43
20222,0.05
20479,0.36
26317,0.03
8056,0.02
7688,0.14
16154,0.89
9743,0.75
1924,0.07
6137,0.08
20465,0.04
23590,0.81
16924,0.1
964,0.17
9069,0.55
33250,0.1
29646,0.52
21580,0.19
23598,0.0
2069,0.17
14272,0.02
4639,0.13
32802,0.27
6535,0.42
14941,0.73
27448,0.29
3820,0.36
27880,0.64
4776,0.68
3552,0.09
29745,0.68
29696,0.59
4507,0.07
18366,0.54
26228,0.47
238,0.1
2455,0.06
19763,0.44
11017,0.58
28363,0.03
21942,0.31
21272,0.14
26194,0.25
414,0.03
25616,0.12
1277,0.08
25922,0.13
20638,0.5
31021,0.55
15430,0.39
33208,0.75
15599,0.3
31593,0.13
6571,0.09
11753,0.63
5897,0.08
31160,0.56
7286,0.13
29106,0.27
12143,0.15
28026,0.48
1671,0.04
24841,0.68
6497,0.01
18380,0.57
7640,0.18
8794,0.04
21651,0.64
25685,0.57
15751,0.01
19374,0.69
11208,0.46
8796,0.05
19720,0.43
9308,0.19
5630,0.17
1948,0.13
15739,0.25
13164,0.01
13338,0.68
22685,0.18
8055,0.1
14454,0.49
20054,0.5
27404,0.07
3188,0.49
32641,0.52
1569,0.0
8848,0.45
15621,0.0
17895,0.49
1267,0.04
3759,0.02
15260,0.14
20541,0.59
24646,0.07
4219,0.1
11969,0.78
21464,0.44
2482,0.21
21234,0.04
7099,0.04
27522,0.14
7208,0.7
25162,0.46
2533,0.03
13247,0.59
9037,0.1
26815,0.61
6176,0.13
5746,0.04
16257,0.23
31258,0.16
17176,0.21
10415,0.07
23595,0.43
24696,0.19
18835,0.67
28152,0.16
31395,0.07
12144,0.33
10417,0.01
11915,0.53
28698,0.54
5798,0.27
452,0.01
3834,0.03
9143,0.19
25384,0.3
10073,0.95
441,0.53
2281,0.05
20936,0.34
13310,0.59
9645,0.13
26472,0.12
25307,0.74
22194,0.05
5814,0.84
15406,0.18
12589,0.21
24606,0.46
31323,0.0
24796,0.0875
16976,0.15
30402,0.08
14481,0.13
9509,0.24
22232,0.12
32238,0.27
27704,0.04
10930,0.09
27475,0.33
4489,0.61
21869,0.15
8718,0.01
25444,0.05
18762,0.78
9034,0.02
32567,0.37
2087,0.47
14632,0.38
4462,0.73
4719,0.25
25091,0.05
11975,0.07
24274,0.21
14387,0.61
12476,0.02
21080,0.71
23499,0.26
19277,0.32
14826,0.04
19690,0.3
8759,0.1
24616,0.09
16323,0.57
6071,0.05
29058,0.57
25048,0.54
20378,0.77
31628,0.59
30253,0.08
13209,0.32
3368,0.15
9126,0.56
23762,0.64
31094,0.6
14374,0.22
31952,0.78
25441,0.33
19629,0.33
28339,0.03
20193,0.32
3403,0.21
26447,0.73
14327,0.59
22877,0.29
2386,0.47
14432,0.05
23316,0.05
2713,0.15
17623,0.34
16898,0.15
11537,0.5
6333,0.02
27557,0.18
33153,0.55
21695,0.62
26572,0.09
4316,0.55
29072,0.1
31306,0.05
32760,0.06
551,0.3
5334,0.25
134,0.55
8741,0.0
24562,0.06
4952,0.14
7153,0.08
26788,0.03
18045,0.04
11784,0.63
8841,0.03
24346,0.54
26484,0.01
6651,0.68
29488,0.34
23126,0.06
28716,0.34
19373,0.02
31577,0.7
16322,0.07
5269,0.05
30014,0.17
14193,0.24
28638,0.47
17539,0.05
17327,0.68
30703,0.07
25021,0.26
15612,0.64
1939,0.51
31324,0.57
5463,0.5
4,0.37
32757,0.01
15583,0.15
20774,0.65
26258,0.72
13401,0.07
5322,0.03
32793,0.08
25438,0.02
28751,0.46
32588,0.77
6616,0.61
31047,0.81
14746,0.55
751,0.79
9015,0.39
25089,0.19
9235,0.63
31519,0.89
8338,0.73
6584,0.2
6508,0.36
10179,0.12
8954,0.61
5071,0.77
39,0.05
14260,0.35
14235,0.0
32176,0.22
31788,0.02
9794,0.42
19528,0.56
7571,0.04
6417,0.1
17135,0.47
24195,0.47
13378,0.03
27466,0.02
13540,0.08
28211,0.12
5042,0.06
20889,0.15
25453,0.08
11961,0.17
19606,0.79
30116,0.34
21009,0.15
5444,0.1
28743,0.32
2726,0.13
5906,0.03
33221,0.56
3616,0.06
23937,0.18
933,0.1
18347,0.78
11116,0.11
13417,0.56
25400,0.15
3143,0.08
4978,0.04
1824,0.34
14494,0.08
29524,0.15
17044,0.07
18315,0.39
18601,0.73
7104,0.23
27003,0.04
31734,0.83
12231,0.06
4653,0.11
28329,0.15
32788,0.32
10349,0.07
32905,0.53
14811,0.11
32922,0.68
25429,0.04
23608,0.04
20218,0.16
32781,0.64
3644,0.2
30250,0.13
28976,0.03
18516,0.7075
3724,0.01
2240,0.5
28499,0.59
32812,0.58
26547,0.15
28759,0.8483333333333333
13510,0.06
7460,0.18
7272,0.58
16994,0.16
16405,0.5
1015,0.13
24300,0.1
9334,0.1
8115,0.56
30733,0.07
30630,0.74
1587,0.17
8928,0.08
6285,0.1
8543,0.66
6326,0.16
3140,0.19
15063,0.11
7743,0.09
7319,0.56
10454,0.15
29239,0.41
30458,0.61
7193,0.15
26543,0.14
4515,0.14
21067,0.25
17207,0.46
10658,0.62
5426,0.63
8156,0.76
6210,0.07
11064,0.22
16436,0.1
27811,0.16
5919,0.03
11026,0.16
11624,0.02
32165,0.10333333333333332
19797,0.54
16450,0.03
25782,0.61
12090,0.1
12503,0.27
1516,0.12
5816,0.41
20751,0.04
8369,0.18
19483,0.05
17926,0.14
2191,0.07
8782,0.31
21912,0.42
14330,0.12
22965,0.58
10987,0.05
22002,0.04
4143,0.03
24588,0.16
4770,0.08
10886,0.09
27254,0.07
16231,0.72
5862,0.43
11271,0.08
8157,0.69
12161,0.13
14556,0.39
31397,0.045
10515,0.51
29065,0.31
17388,0.02
23240,0.1
8638,0.11
29943,0.87
1309,0.2
32997,0.38
3608,0.19
13184,0.04
20920,0.03
12487,0.12
28508,0.51
9709,0.11
27725,0.07
4668,0.03
13654,0.075
20122,0.68
29680,0.16
3869,0.1
25832,0.03
15501,0.48
17691,0.24666666666666665
4984,0.59
26934,0.05
31653,0.22
19974,0.04
22093,0.07
1122,0.28
12543,0.09
23266,0.49
29852,0.73
18195,0.03
9634,0.04
29168,0.34
10058,0.55
9459,0.38
27149,0.01
11822,0.33
12117,0.71
9241,0.1
639,0.61
9931,0.03
3851,0.03
5010,0.02
14901,0.18
6053,0.4
15186,0.05
32681,0.68
30676,0.01
16194,0.08
1196,0.83
26308,0.79
32378,0.06
20586,0.46
22883,0.32
10392,0.16
11798,0.71
622,0.15
16356,0.06
28062,0.095
2084,0.09
8792,0.22
6478,0.44
24920,0.0
27993,0.2
28392,0.17
23524,0.26
22288,0.46
2602,0.71
74,0.59
26619,0.25
3022,0.22
2879,0.18
6995,0.04
18048,0.05
1787,0.32
1270,0.01
13588,0.08
21861,0.4
1964,0.15
16237,0.2
6145,0.1
25674,0.08
8845,0.25
12140,0.12
16791,0.7358333333333335
1618,0.51
15979,0.25
29387,0.12
1164,0.01
31084,0.05166666666666666
6782,0.16
4885,0.09
215,0.19
2114,0.06
18460,0.72
13287,0.8
16036,0.64
24729,0.1
12968,0.11
6528,0.51
24374,0.8
30841,0.08
30440,0.06
6644,0.66
29329,0.04
16352,0.09
23655,0.76
7796,0.75
22242,0.14
15456,0.14
24814,0.23
16620,0.61
17297,0.08
17172,0.41
26594,0.13
14176,0.63
19982,0.1
2277,0.13
22347,0.19
5694,0.64
11746,0.38
29651,0.18
22307,0.06666666666666667
19511,0.12
21957,0.28
5035,0.04
1018,0.44
30654,0.7
13504,0.07
1092,0.17
13454,0.44
9750,0.79
14724,0.06
9786,0.02
1445,0.05
7756,0.6
7277,0.02
21977,0.71
31430,0.13499999999999998
19143,0.11
20895,0.06
19838,0.07
10346,0.07
3200,0.16
20018,0.04
2214,0.13
5044,0.2
21749,0.0
31518,0.64
19578,0.35
10480,0.47
26686,0.04
26272,0.04
2888,0.06
30075,0.69
29472,0.09
21282,0.67
21658,0.55
17716,0.0
24764,0.01
29932,0.14
8395,0.03
17862,0.71
11964,0.76
25992,0.1
30876,0.56
450,0.08
14739,0.31
2544,0.18
20099,0.04
16768,0.14
30911,0.01
12964,0.71
32425,0.25
11054,0.5
25651,0.15
23321,0.64
4437,0.52
9755,0.61
12869,0.61
17757,0.62
14356,0.29
7246,0.51
12703,0.05
21075,0.78
19040,0.29
19879,0.13
2817,0.66
500,0.03
11954,0.09
20121,0.09
7637,0.33
16303,0.01
20533,0.68
10691,0.61
11246,0.23
2102,0.56
4016,0.05
21060,0.14
20412,0.57
33289,0.59
12054,0.43
22528,0.67
7721,0.02
4351,0.48
31689,0.06
12451,0.0
1566,0.05
12285,0.34
25290,0.15
17871,0.13
26538,0.18
12204,0.07
31223,0.76
26949,0.07
6186,0.13
28926,0.17
5628,0.34
28260,0.12
9278,0.43
2623,0.5
30146,0.14
24924,0.06
1801,0.0
31602,0.0
21863,0.32
15811,0.04
10218,0.13
30300,0.15
18886,0.3
30272,0.13
31829,0.28
28153,0.19
10522,0.67
13482,0.06
13840,0.1
25211,0.05
11612,0.04
12567,0.56
29342,0.11
20043,0.18
10096,0.7440714285714286
10261,0.03
23774,0.5
10105,0.34
32562,0.53
10378,0.02
20063,0.04
14719,0.02
21563,0.69
6655,0.18
25392,0.06
27503,0.09
7736,0.09
25974,0.03
30757,0.46
24850,0.17
9211,0.47
6858,0.12
12047,0.8
22186,0.47
12559,0.21
720,0.67
14458,0.22
14553,0.7
7853,0.18
33075,0.02
9873,0.16
22401,0.76
22357,0.0
30848,0.15
14554,0.47
11265,0.43
29210,0.84
33253,0.13
9028,0.13
4661,0.28
16926,0.14
23545,0.6
5792,0.31
13734,0.0
6715,0.59
11685,0.55
7780,0.04
25442,0.49
8087,0.15
23744,0.01
481,0.16
24713,0.4843888888888888
25805,0.07
11575,0.05
8303,0.02
25600,0.11
4685,0.08
32884,0.62
22079,0.59
8355,0.12
6293,0.15
15204,0.06
13017,0.18
11618,0.66
17556,0.23
22864,0.2
14519,0.15
30716,0.05
30213,0.53
15275,0.75
29016,0.53
4740,0.2
33101,0.06
21609,0.65
20388,0.05
4308,0.08
26416,0.72
15208,0.04
27222,0.71
5583,0.08
19129,0.13
32055,0.09
6212,0.08
22637,0.1
30164,0.04
5028,0.03
10481,0.43
2855,0.13
8682,0.01
27621,0.11
2966,0.04
16949,0.1
3500,0.21
8490,0.21
20289,0.885
28049,0.17
28011,0.02
16292,0.5
20994,0.07
4035,0.12
22383,0.15
9192,0.71
21437,0.12
17605,0.35
22145,0.32
28186,0.62
23441,0.59
28586,0.89
7309,0.42
27882,0.04
27781,0.04
3077,0.02
31299,0.6
18823,0.01
31757,0.01
3708,0.13
28442,0.61
2465,0.01
22602,0.69
26881,0.0
19534,0.17
4193,0.21
10488,0.56
19422,0.52
10929,0.1
17273,0.17
8436,0.08
10529,0.01
7433,0.02
32169,0.09
7864,0.05
15175,0.03
22061,0.79
19597,0.61
19054,0.13
14203,0.03
17936,0.34
8716,0.03
4912,0.25
30380,0.0
22299,0.01
8382,0.58
23963,0.67
7633,0.11
1226,0.05
18089,0.48
17184,0.28
698,0.25
348,0.1
25131,0.75
32405,0.66
22845,0.68
24679,0.67
2236,0.69
21762,0.04
29324,0.15
30709,0.0
15243,0.13
32747,0.16
25539,0.21
15143,0.06
26048,0.25
17105,0.08
31096,0.08
18462,0.12
32221,0.28
25630,0.07
21233,0.56
1684,0.58
19207,0.17
12651,0.02
27359,0.47
32078,0.07
13977,0.09
3174,0.14
31949,0.04
21197,0.07
23111,0.11
17324,0.62
10786,0.11
11085,0.11
10448,0.78
2775,0.02
22699,0.07
15782,0.03
19399,0.81
32054,0.58
15990,0.58
10430,0.49166666666666664
33376,0.08
13312,0.73
2978,0.63
10613,0.12
21837,0.58
14431,0.9
9349,0.15
6259,0.15
19470,0.23
26905,0.0
8542,0.71
8932,0.06
7892,0.49
15528,0.15
1901,0.46
19302,0.01
7143,0.01
11256,0.06
10596,0.33
20798,0.77
7713,0.03
1380,0.23
6449,0.09
31263,0.09
15040,0.04
23822,0.21
30625,0.63
24586,0.08
29280,0.79
17213,0.05
20124,0.04
24907,0.14
24091,0.1
18189,0.69
32415,0.12
26079,0.35
18031,0.52
4781,0.18
13226,0.55
26677,0.17
4808,0.17
22004,0.01
16461,0.07
19429,0.62
1460,0.12
4000,0.04
21274,0.08
24603,0.16
13845,0.49
28838,0.0
4892,0.56
29136,0.31
5742,0.01
25412,0.4
22648,0.03
5159,0.14
28970,0.36
20411,0.6
3802,0.06
14265,0.69
19365,0.56
19270,0.48
23149,0.07
7675,0.49
5827,0.13
28815,0.58
12433,0.15
17150,0.6
24750,0.07
4780,0.18
28783,0.44
24532,0.0
3864,0.18
25546,0.15
12236,0.7
29923,0.51
26878,0.02
3409,0.05
20368,0.63
33231,0.65
21571,0.16
22198,0.38
4022,0.1
6010,0.05
13769,0.06
11763,0.03
10933,0.66
671,0.02
16338,0.71
17138,0.62
4130,0.12
21857,0.02
5911,0.0
8681,0.06
25513,0.12
12566,0.06
23409,0.01
28748,0.17
16624,0.04
294,0.1
22811,0.71
8722,0.77
29749,0.03
18583,0.06
21471,0.69
17256,0.1
33173,0.05
20375,0.26
10654,0.01
17672,0.37
10644,0.67
16934,0.02
32387,0.01
24212,0.42
6617,0.47
32443,0.2
25772,0.06
15943,0.51
8906,0.12
18712,0.17
28441,0.07
30249,0.1
8705,0.29
8916,0.78
29782,0.41
11424,0.25
8144,0.1
31667,0.64
2205,0.07
24030,0.05
21253,0.76
10990,0.16
17344,0.74
1376,0.54
21603,0.86
2598,0.08
958,0.05
8045,0.49
8771,0.8
18388,0.9
8936,0.02
132,0.18
18900,0.06
2235,0.07
22361,0.26
4077,0.11
23236,0.02
4165,0.14
6336,0.5066666666666667
25499,0.03
6977,0.03
24475,0.16
24430,0.06
14036,0.19
6172,0.6
13072,0.19
11801,0.12
24282,0.16
4523,0.24
10376,0.32
24710,0.64
11174,0.09
19832,0.07
13425,0.04
25119,0.07
28462,0.21
15839,0.27
29770,0.23
30681,0.15
16853,0.05
6716,0.08
5068,0.08
32517,0.07
9886,0.08
4939,0.365
3173,0.1
20372,0.21
23782,0.13
24041,0.48
20060,0.54
27601,0.02
26951,0.32
746,0.0
22170,0.27
10224,0.05
15047,0.04
31603,0.09
805,0.02
14518,0.1
10676,0.18
14524,0.13
28301,0.39
3506,0.1
235,0.27
18348,0.02
12730,0.09
16219,0.46
1061,0.12
28803,0.01
25645,0.1
27266,0.02
16694,0.16
21083,0.08
5438,0.02
30147,0.46
3850,0.48
4828,0.53
32166,0.01
13585,0.02
22427,0.56
26365,0.49
26323,0.26
23180,0.11
24076,0.57
29968,0.74
9853,0.09
26217,0.07
23377,0.08
32307,0.11
15152,0.53
3551,0.02
30414,0.47
17043,0.62
3196,0.08
20801,0.6
30929,0.68
28604,0.04
1693,0.62
122,0.08
22741,0.11
29732,0.29
6877,0.04
19616,0.59
19101,0.27
19573,0.41
26590,0.18
15347,0.1
31811,0.08
26625,0.81
23578,0.01
32504,0.71
20912,0.73
23342,0.08
17242,0.3
13268,0.02
19510,0.48
3974,0.16
15688,0.11
27777,0.59
12898,0.47
3898,0.07
12688,0.18
14763,0.25
2229,0.12
4738,0.3
9062,0.65
24019,0.05
9007,0.07
11279,0.04
14935,0.09
31964,0.02
28955,0.2
29293,0.11
4876,0.16
13326,0.44
29898,0.01
14318,0.23
10666,0.16
9342,0.06
11772,0.01
20944,0.47
31411,0.07
19122,0.08
17861,0.73
12950,0.08
2999,0.17
6688,0.11
12965,0.16
30967,0.45
1599,0.14
17601,0.29
8229,0.22
30288,0.10333333333333333
11808,0.23
15052,0.1
22598,0.01
6763,0.12
733,0.19
98,0.2
1676,0.03
30266,0.26
19009,0.42
20882,0.19
28447,0.41
20494,0.01
6288,0.05
13936,0.09
7586,0.27
6582,0.04
17109,0.67
18682,0.59
18824,0.1
14514,0.8
19522,0.07
9995,0.62
26838,0.46
23917,0.04
24383,0.12
12477,0.03
4211,0.06
17786,0.02
18680,0.06
4423,0.03
22747,0.05
26203,0.18
12149,0.07
30490,0.84
31748,0.44
13237,0.49
18631,0.56
9254,0.64
22420,0.2
7174,0.05
22621,0.71
12827,0.16
16439,0.73
12740,0.06
12187,0.19
1562,0.42
27122,0.03
540,0.04
918,0.15
19986,0.14
135,0.07
10383,0.01
5096,0.05
22446,0.72
6218,0.7
24243,0.26
20698,0.01
21105,0.19
6394,0.21
8258,0.05
15966,0.06
26925,0.47
1806,0.15
31119,0.07
28746,0.04
24318,0.5
13411,0.68
3065,0.05
26991,0.06
10931,0.32
24592,0.05
20535,0.04
15884,0.19
33266,0.02
12991,0.74
30613,0.5
13166,0.09
11518,0.88
4374,0.25
8104,0.06
22358,0.04
31351,0.32
13797,0.05
26674,0.03
5555,0.13
5632,0.5
24655,0.04
21543,0.26
14668,0.63
26585,0.03
26223,0.14
15756,0.17
17870,0.05
6604,0.07
6656,0.82
12796,0.18
14835,0.11
10388,0.06
17518,0.57
29866,0.6
21697,0.32
5027,0.14
26637,0.17
935,0.31
3804,0.0
16294,0.6
18037,0.59
26910,0.66
15890,0.12
22494,0.55
13849,0.25
29771,0.83
32637,0.17
3379,0.03
21002,0.14
18026,0.05
30970,0.14
22725,0.15
2460,0.09
21597,0.21
20639,0.0
4043,0.18
31066,0.33
4977,0.59
27956,0.04
7158,0.3
3269,0.02
23825,0.17
24885,0.66
30528,0.03
12822,0.11
14865,0.58
11321,0.14
30814,0.16
4877,0.03
3417,0.43
25846,0.02
30145,0.03
1986,0.21
29169,0.03
16235,0.19
12772,0.15
22546,0.88
29925,0.75
22539,0.09
6502,0.02
25692,0.03
12977,0.17
26847,0.59
8575,0.36
4025,0.08
25009,0.08
1194,0.08
25813,0.1
12551,0.52
30054,0.82
16709,0.54
19274,0.02
14411,0.31
5597,0.07
24501,0.42
4921,0.18
31792,0.85
9567,0.0
29307,0.04
33211,0.03
10310,0.09
12230,0.08
2175,0.58
15495,0.01
7338,0.12
33180,0.06
22861,0.0
6541,0.3
4478,0.33
20355,0.7
3062,0.0
18636,0.45
30125,0.1
21326,0.63
4412,0.52
731,0.79
31086,0.26
1890,0.52
26691,0.36
31439,0.73
17470,0.04
22059,0.09
26918,0.25
13583,0.08
8202,0.51
21520,0.8
24809,0.26
8291,0.04
14307,0.03
12044,0.16
27147,0.2
5203,0.67
7941,0.13
5952,0.62
28824,0.08
12537,0.2
25103,0.04
18504,0.71
8097,0.05
15573,0.02
27341,0.58
21680,0.0
14142,0.17
10897,0.1
30623,0.7
10567,0.04
84,0.17
1415,0.075
18774,0.6
14559,0.11
22053,0.06
9657,0.08
11675,0.03
23467,0.06
17268,0.04
5989,0.32
28519,0.03
12918,0.15
4341,0.38
7847,0.3
13455,0.0
33305,0.02
2571,0.01
21967,0.0
13165,0.06
18980,0.03
26654,0.26
16067,0.26
30076,0.02
9174,0.03
13841,0.5100000000000001
3556,0.11
27681,0.1
10851,0.88
27043,0.06
9863,0.59
32447,0.18
25147,0.15
31548,0.41
18408,0.14
24411,0.25
10315,0.04
1424,0.08
9594,0.94
9643,0.17
11697,0.62
16862,0.19
26967,0.27
32368,0.03
9971,0.08
20931,0.12
18926,0.18
28287,0.94
1998,0.1
17077,0.06
28497,0.64
10599,0.13
19199,0.46
4260,0.01
1272,0.96
11366,0.25
6240,0.09
6750,0.05
29730,0.12
5666,0.06
1016,0.12
17431,0.45
7051,0.1
1721,0.37
6018,0.05
23684,0.1
13663,0.39
6141,0.09
27013,0.28
4379,0.04
30435,0.1
7982,0.17
7021,0.06
21063,0.1
6525,0.76
3942,0.08
24525,0.23
18,0.06
21321,0.41
30241,0.26
23583,0.0
21455,0.1
16502,0.68
6723,0.01
16418,0.18
28266,0.65
27757,0.06
20613,0.03
18981,0.33
1616,0.15
7977,0.28
13493,0.53
22439,0.35
7554,0.21
18029,0.12
20683,0.14
2075,0.11
31071,0.04
27511,0.4525
19580,0.41
15362,0.56
15776,0.12
9775,0.0
28052,0.325
13359,0.58
15028,0.52
33099,0.2
20230,0.2
16380,0.58
15454,0.24
567,0.09
31823,0.52
628,0.04
10603,0.73
28727,0.14
11513,0.46
15655,0.16
7676,0.19
32310,0.01
453,0.8
31260,0.59
15045,0.13
24020,0.59
590,0.34
16610,0.22
7579,0.05
17303,0.1
401,0.07
20949,0.18
13004,0.12
30511,0.185
5589,0.52
22610,0.16
26587,0.05
31725,0.27
28242,0.03
26758,0.64
9434,0.02
25670,0.13
15437,0.66
19645,0.79
33095,0.04
29117,0.88
4200,0.29
12092,0.1
2311,0.15
12873,0.07
31491,0.52
33301,0.39
28325,0.14
30016,0.09
800,0.21
29829,0.48
3365,0.05
13399,0.39
11747,0.01
201,0.16
28417,0.15
10156,0.06
10459,0.61
27000,0.05
280,0.78
10463,0.46
21567,0.16
1331,0.14
30042,0.67
30004,0.02
19426,0.75
4080,0.72
4574,0.04
26364,0.42
16890,0.42
31699,0.58
5325,0.13166666666666668
4050,0.08
31148,0.28
12001,0.11
6072,0.21
12932,0.08
5270,0.05
6791,0.1
15034,0.0
7546,0.43
20076,0.83
23196,0.265
18377,0.45
18933,0.04
13725,0.05
15474,0.19
23796,0.39
22075,0.52
21733,0.37
21725,0.49
18771,0.03
3986,0.06
7966,0.74
8836,0.01
19246,0.04
28135,0.33
17622,0.41
29097,0.05
19562,0.03
15473,0.44
11979,0.55
4047,0.4
28501,0.05
15392,0.04
7585,0.78
26465,0.52
15520,0.75
5856,0.08
19877,0.04
11108,0.0
5844,0.41
7786,0.63
14686,0.64
8894,0.1
25829,0.31
15864,0.22
28046,0.11
22131,0.33
20155,0.09
24724,0.63
23974,0.27
2129,0.13
23858,0.4
30312,0.63
10778,0.04
21639,0.09
17343,0.67
5486,0.14
26316,0.57
21889,0.09
20376,0.32
31912,0.11
3073,0.36
6959,0.03
23378,0.77
24097,0.03
13150,0.49
1815,0.05
11740,0.18
18420,0.64
12984,0.17
22701,0.83
27005,0.68
6396,0.0
16599,0.01
16676,0.14
20143,0.06
26233,0.23
28344,0.0
12324,0.07
4131,0.28
14982,0.07
24719,0.67
29516,0.12
1144,0.92
23314,0.22
16159,0.07
19630,0.07
16556,0.01
6744,0.05
22458,0.01
20582,0.01
25842,0.62
15530,0.19
19514,0.68
30955,0.63
14557,0.32
16786,0.54
18953,0.54
8238,0.39
21111,0.11
31664,0.08
23890,0.13
8947,0.12
14560,0.23
22056,0.18
10986,0.03
33222,0.51
23124,0.31
5306,0.16
11184,0.61
29263,0.09
17493,0.09
21101,0.61
700,0.04
10091,0.06
3918,0.68
12545,0.04
18235,0.33
24262,0.58
3863,0.14
6479,0.1
10876,0.12
21192,0.32
26387,0.72
7454,0.07
1223,0.19
21561,0.4
18974,0.46
28940,0.23
15213,0.02
27494,0.04
14358,0.54
11648,0.55
25997,0.04
29507,0.04
18855,0.1
20595,0.0
27812,0.6
4625,0.19
9583,0.62
25343,0.13
20842,0.14
4434,0.6
16747,0.37
9236,0.68
16228,0.12
4028,0.41
385,0.54
3634,0.07
14689,0.46
22114,0.66
30247,0.03
15487,0.03
28880,0.74
19335,0.43
10675,0.53
29002,0.38
20974,0.07
1286,0.05
9186,0.08
24897,0.09
23573,0.47
32108,0.04
22272,0.71
28942,0.1
1868,0.1
17483,0.25
26558,0.45
7777,0.03
1984,0.35
2829,0.06
16130,0.19
6608,0.06
30404,0.015
20414,0.74
528,0.15
8657,0.79
11158,0.06
32044,0.36
12622,0.29
657,0.17
2770,0.09
9428,0.06
14427,0.54
31348,0.15
2959,0.03
1974,0.48
15792,0.68
32026,0.26
1568,0.15
17633,0.84
3477,0.19
20641,0.45
6712,0.11
11556,0.02
8544,0.54
2741,0.11
18744,0.68
29286,0.08
22372,0.56
22588,0.02
14706,0.29
16382,0.59
30177,0.14
1190,0.08
26559,0.05
8999,0.13
16505,0.04
31825,0.61
26257,0.07
12101,0.24
19221,0.57
23721,0.07
10203,0.72
29700,0.75
24673,0.2
24931,0.03
20172,0.03
14681,0.05
32,0.78
15555,0.0
21171,0.02
13880,0.69
10457,0.0
6455,0.02
27070,0.02
27700,0.04
16298,0.19
2501,0.04
30698,0.59
30599,0.02
6554,0.74
29514,0.74
26731,0.06
10763,0.43
4833,0.46
21336,0.04
17054,0.15
4680,0.16
27638,0.1
26514,0.3
25161,0.13
9316,0.19
14833,0.25
3989,0.07
2568,0.11
29051,0.14
21304,0.12
18547,0.79
9842,0.02
32143,0.19
30438,0.02
8746,0.15
20182,0.24
5682,0.13
8690,0.03
17567,0.13
6033,0.07
10070,0.1
10181,0.38
12841,0.12
327,0.26
11724,0.03
31331,0.1
28944,0.46
22560,0.38
28986,0.04
14645,0.52
5518,0.09
17417,0.06
13285,0.36
22516,0.29
27730,0.23
29854,0.01
32067,0.66
6860,0.71
31396,0.1
17695,0.06
15669,0.58
10956,0.11
14479,0.05
6954,0.11
30515,0.45
6606,0.05
6387,0.5
9035,0.39
30500,0.07
30585,0.12
18211,0.55
15765,0.25
13311,0.42
31246,0.15
24147,0.03
4887,0.01
343,0.78
20232,0.92
13441,0.09
26153,0.36
5201,0.47
11385,0.63
19512,0.11
7450,0.02
15516,0.12
32614,0.18
32507,0.2
3242,0.09
10280,0.18
3235,0.05
19669,0.42
2078,0.14
9669,0.77
9400,0.64
11172,0.12
14617,0.03
13589,0.59
27553,0.02
12764,0.05
11376,0.02
13033,0.05
8757,0.65
26584,0.74
12392,0.02
7302,0.28
1841,0.56
4195,0.13
15292,0.02
26253,0.32
30017,0.53
7806,0.39
19599,0.12
49,0.18
10461,0.03
27527,0.01
31166,0.53
23798,0.14
22442,0.6
11578,0.5
14842,0.09
11117,0.12
4306,0.21
6195,0.08
7858,0.09
11751,0.14
28830,0.6366666666666666
26360,0.06
4992,0.1
1800,0.62
26262,0.25
29662,0.04
26882,0.54
21605,0.56
23092,0.32
32482,0.06
32869,0.04
23750,0.33
5180,0.55
19691,0.08
30649,0.11
14548,0.33
5305,0.23
25621,0.08
15308,0.06
7990,0.09
25649,0.19
30533,0.25
16269,0.04
19007,0.18
13798,0.72
21509,0.65
26086,0.13
5131,0.06
33126,0.05166666666666666
12797,0.55
26823,0.31
32900,0.65
23588,0.62
11177,0.51
6156,0.07
18999,0.12
8693,0.33
15167,0.06
11020,0.09
5954,0.0
5768,0.01
15379,0.05
28681,0.8
16494,0.1
33079,0.2
2359,0.05
24330,0.54
13676,0.15
20902,0.09
16826,0.19
11243,0.013333333333333332
18944,0.11
14542,0.12
18131,0.32
24829,0.13
24957,0.66
12607,0.23
18924,0.19
28866,0.2
1943,0.62
10593,0.13
6111,0.15
9587,0.03
11653,0.02
13694,0.03
15603,0.35
21289,0.72
1077,0.03
18051,0.03
18994,0.54
2181,0.03
26173,0.1
29747,0.12
28066,0.03
19262,0.13
3029,0.04
9981,0.06
21646,0.12
27666,0.16
20934,0.51
31164,0.55
12513,0.08
4029,0.06
15012,0.28
13723,0.3
31503,0.02
2348,0.31
23659,0.34
22259,0.32
25035,0.38
30973,0.09
27357,0.23
9259,0.13
14882,0.14
6994,0.23
30349,0.14
7412,0.21
16693,0.14
30074,0.19
10853,0.01
8088,0.47
12337,0.2
33318,0.04
30091,0.01
16741,0.55
21973,0.04
28788,0.13
29787,0.1
8173,0.86
16059,0.09
896,0.23
1521,0.1
24328,0.02
2779,0.04
32651,0.17
32290,0.56
1353,0.61
29677,0.04
26193,0.68
10000,0.36
9713,0.01
33147,0.02
7048,0.15
8770,0.22
26267,0.09
32823,0.64
24835,0.65
11873,0.15
27012,0.11
9440,0.26
811,0.01
31783,0.69
25455,0.07
2958,0.02
9780,0.63
23967,0.03
29631,0.05
5074,0.36
7285,0.13
16754,0.01
11069,0.94
2563,0.09
19492,0.615
2572,0.14
133,0.07
15743,0.03
18828,0.1
11387,0.02
24278,0.52
21997,0.02
30927,0.67
26857,0.07
26725,0.16
16006,0.27
28410,0.05
674,0.09
22735,0.44
352,0.02
15181,0.06
25473,0.19
11288,0.16
1719,0.05
31474,0.42
16634,0.21
16849,0.04
9553,0.32
16956,0.59
18498,0.69
11812,0.07
29083,0.19
29425,0.72
13109,0.32
912,0.56
11160,0.07
6228,0.42
16814,0.38
8165,0.53
15017,0.72
1602,0.89
2806,0.13
3952,0.1
32195,0.12
19421,0.86
29035,0.38
18458,0.11
29842,0.56
29699,0.11
30880,0.72
15921,0.02
11911,0.09
18514,0.36
2357,0.04
2647,0.04
9337,0.53
27678,0.04
17941,0.72
32497,0.02
22169,0.27
28033,0.2
5450,0.12
20583,0.49
18233,0.03
26618,0.54
12297,0.17
1734,0.58
19627,0.07
14572,0.53
2305,0.59
22130,0.14
31943,0.08
473,0.16
28003,0.42
15084,0.99
11224,0.41
1071,0.6
4800,0.52
3178,0.12
31980,0.11
27662,0.14
3966,0.83
4621,0.5
789,0.06
8386,0.22
20908,0.22
2697,0.05
1161,0.73
6194,0.12
574,0.53
20599,0.45
20519,0.11
17783,0.24
2061,0.05
13912,0.0
11909,0.13
27978,0.01
13035,0.02
31800,0.2
14918,0.05
24447,0.05
5749,0.88
19401,0.45
2190,0.04
24449,0.65
20620,0.0
15241,0.13
23859,0.22
33302,0.3
32439,0.18
22702,0.74
24487,0.04
31038,0.07
20441,0.09
18659,0.61
31675,0.86
27798,0.02
3653,0.21
24578,0.83
754,0.585
9729,0.054000000000000006
29130,0.57
4529,0.81
3370,0.07
29042,0.1
16392,0.03
17406,0.07
27546,0.03
11690,0.01
24222,0.16
10386,0.08
8692,0.08
6669,0.01
18600,0.73
24321,0.1
29477,0.03
24066,0.62
30324,0.03
2168,0.19
19488,0.04
10755,0.53
9406,0.95
30937,0.2
15236,0.01
30608,0.85
12272,0.06
21184,0.01
14672,0.46
22681,0.07
8662,0.38
12763,0.13
18860,0.02
25184,0.63
22871,0.32
5963,0.03
26049,0.71
5914,0.09
33124,0.05
13267,0.05
26074,0.05
7992,0.07
23851,0.39
6065,0.15
29448,0.07
26947,0.31
32559,0.82
27577,0.05
5207,0.59
31082,0.19
7816,0.12
8478,0.4700000000000001
20626,0.07
23257,0.06
31116,0.61
15714,0.18
14604,0.55
20729,0.2
12579,0.25
22530,0.89
5991,0.63
19619,0.16
31220,0.3
32572,0.14
27251,0.04
12844,0.1
29121,0.06
10580,0.23
31789,0.14
12166,0.27
10947,0.39
22739,0.16
26765,0.12
5327,0.02
1580,0.74
10465,0.56
25558,0.41
1761,0.04
13795,0.03
10118,0.19
15932,0.13
689,0.35
18729,0.16
28935,0.73
26737,0.04
32712,0.09
6807,0.02
32340,0.1
29675,0.67
1660,0.46
12419,0.13
12818,0.18
9226,0.79
6266,0.1
4376,0.21
18042,0.06
5701,0.09
25069,0.41
1908,0.48
26986,0.25
21226,0.33
28214,0.03
17519,0.29
7054,0.04
29616,0.48
11611,0.74
7461,0.05
4739,0.03
27168,0.12
19108,0.1
14838,0.03
18507,0.06
11498,0.67
21566,0.76
25424,0.33
27068,0.12
28426,0.58
18303,0.68
4168,0.05
29372,0.24
19700,0.11
10490,0.55
9110,0.31
16361,0.12
33193,0.16
31906,0.66
8357,0.02
6909,0.53
3550,0.25
16060,0.03
15717,0.68
30669,0.58
30039,0.02
18150,0.09
13620,0.59
11449,0.67
4797,0.81
19767,0.39
21297,0.03
14396,0.09
24070,0.18
19027,0.02
23944,0.04
2426,0.1
12365,0.9
2463,0.55
4933,0.11
17347,0.1
23080,0.21
14384,0.61
12383,0.14
5535,0.21
9779,0.09
33107,0.12
20019,0.63
28323,0.62
19402,0.51
19454,0.43
27612,0.29
19198,0.71
22755,0.08
30176,0.26
22260,0.4
5003,0.04
12627,0.09
33128,0.11
24644,0.0
17852,0.05
16141,0.18
30106,0.1
29412,0.05
6685,0.13
2211,0.28
28690,0.3
1438,0.14
6675,0.22
20298,0.12
28075,0.05
18991,0.8
28644,0.35
10710,0.21
9171,0.09
8957,0.67
6910,0.43
23938,0.68
31040,0.44
25624,0.03
11457,0.14
116,0.04
29859,0.75
6760,0.05
2735,0.11
32937,0.02
29206,0.0
14714,0.66
30118,0.49
21199,0.22
7449,0.16
3217,0.11
5916,0.69
29837,0.57
16884,0.01
7951,0.19
30417,0.32
8025,0.02
2023,0.31
19646,0.38
21925,0.2
7485,0.02
6110,0.01
13091,0.21
33342,0.67
14216,0.5
25804,0.03
9811,0.57
32988,0.26
11894,0.06
1594,0.31
1783,0.1
17161,0.11
668,0.5
13643,0.18
17304,0.13
9539,0.0
11871,0.51
22543,0.07
19041,0.08
33358,0.05
17199,0.14
28030,0.6
16803,0.14
5140,0.56
4167,0.15
15220,0.0
11038,0.67
18360,0.1
16608,0.3
32050,0.77
11382,0.15
26019,0.16
28430,0.09
25831,0.5
13636,0.05
31225,0.52
6131,0.13
25673,0.03
28455,0.03
27219,0.98
4380,0.13
25460,0.15
5439,0.1
11680,0.11
5331,0.08
14536,0.61
1487,0.17
28853,0.23
5315,0.57
11656,0.5
12962,0.01
17101,0.32
10806,0.17
27431,0.39
3261,0.09
8538,0.19
13340,0.24
14976,0.27
1753,0.58
29521,0.24
27518,0.03
24689,0.57
7727,0.01
32413,0.15
1084,0.06
29197,0.08
22319,0.61
31192,0.75
25451,0.01
13646,0.62
6243,0.07
15804,0.24
26176,0.16
32539,0.27
30522,0.8
26464,0.11
3961,0.13
26423,0.33
16413,0.62
23511,0.61
22164,0.02
5104,0.16
21367,0.2
27355,0.69
16701,0.02
13575,0.14
11910,0.1
6397,0.05
5513,0.15
12211,0.52
28756,0.14
31002,0.72
25169,0.19
11284,0.0
7436,0.05
200,0.06
8412,0.21
599,0.04
7355,0.68
14812,0.13
3033,0.38
20553,0.11
13092,0.1
12685,0.18
29219,0.01
12130,0.19
30170,0.05
24130,0.67
18670,0.11
6979,0.19
13647,0.14
12791,0.03
14614,0.73
23455,0.71
14754,0.22
6512,0.81
28934,0.43
13138,0.07
22910,0.08
25452,0.51
14166,0.4
9571,0.27
26080,0.66
24197,0.14
17160,0.3
9830,0.42
21218,0.09
5054,0.19
27217,0.61
11259,0.23
28200,0.1
18819,0.1
15297,0.37
7420,0.25
28187,0.14
4303,0.03
3344,0.03
2910,0.17
33379,0.07
17734,0.79
19438,0.21
16895,0.08
1654,0.05
20845,0.17
33212,0.21
24680,0.33
32496,0.75
24939,0.75
3895,0.31
14576,0.68
28767,0.28
23094,0.09
28221,0.79
13255,0.56
10761,0.41
29273,0.08
5421,0.06
11962,0.01
24069,0.65
5894,0.01
12929,0.08
4646,0.62
18437,0.03
19377,0.74
11752,0.12
20674,0.0
20549,0.56
19696,0.23
16078,0.18
606,0.06
2154,0.13
10784,0.31
5533,0.57
23036,0.04
21095,0.52
2233,0.67
19025,0.15
4807,0.51
17413,0.17
12481,0.55
32433,0.05
9369,0.58
8920,0.02
12281,0.13
28077,0.14
23194,0.08
32347,0.66
31692,0.06
32110,0.38
15048,0.01
15600,0.25
14759,0.3
20100,0.16
17210,0.59
1641,0.11
2873,0.84
32257,0.12
20276,0.26
2822,0.09
22387,0.26
10738,0.1
13649,0.58
21382,0.13
23934,0.22
8296,0.05
7572,0.58
23366,0.4
16653,0.22
6821,0.08
30456,0.41
20197,0.01
24046,0.11
25221,0.08
14775,0.36
11,0.31
7854,0.06
14756,0.48
17577,0.14
16289,0.64
13784,0.16
25306,0.08
8981,0.2
12625,0.59
21026,0.45
19503,0.6
32467,0.05
8961,0.49
7843,0.02
19707,0.21
30594,0.16
26269,0.065
7244,0.1
12739,0.19
11683,0.38
17235,0.45
6530,0.1
7152,0.25
19851,0.09
10116,0.05
21757,0.51
9626,0.02
23947,0.375
29733,0.06
31459,0.05
28720,0.21
23996,0.52
706,0.06
6160,0.75
4087,0.15
7994,0.04
23965,0.6
28524,0.15116666666666667
26836,0.07
448,0.43
15246,0.02
17107,0.48
21113,0.4633333333333334
4699,0.99
347,0.05
293,0.13
25466,0.02
17643,0.65
20,0.36
4779,0.28
32763,0.13
21564,0.46
31290,0.12
31171,0.59
996,0.25
17536,0.08
23307,0.3
3783,0.24
15025,0.65
2244,0.18
32708,0.35
4183,0.07
2762,0.08
5870,0.13
6812,0.04
11286,0.83
5783,0.02
25946,0.11
20597,0.02
25994,0.04
418,0.1
7649,0.2
16021,0.08
19833,0.09
5244,0.14
25382,0.58
17778,0.41
25225,0.03
26667,0.07
2156,0.52
15229,0.09
23191,0.04
13469,0.06
505,0.63
31440,0.22
26907,0.07
30246,0.55
22210,0.11
662,0.09
14780,0.07
22614,0.8
23839,0.01
83,0.73
1531,0.16
19466,0.62
25495,0.08
22595,0.13
592,0.09
21935,0.05
10690,0.15
27994,0.01
28992,0.67
19368,0.09
25746,0.59
9762,0.07
28157,0.07
18784,0.22
15819,0.2
31143,0.34
4154,0.16
12585,0.55
25331,0.35
14579,0.5
26540,0.06
7893,0.13
33106,0.05
16592,0.09
29247,0.03
15423,0.18
32582,0.22
13438,0.1
30949,0.08
16712,0.53
20753,0.07
25711,0.03
32603,0.08
24095,0.1
7155,0.24
24221,0.64
24494,0.4
4994,0.22
4632,0.29
26772,0.06
1181,0.19
663,0.07
12427,0.34
23112,0.09
8627,0.19
28781,0.04
21574,0.22
18345,0.32
20239,0.06
19609,0.05
19212,0.04
17702,0.24
26582,0.57
9100,0.06
11044,0.08
27760,0.24
30327,0.61
1773,0.16
15183,0.18
7905,0.18
17139,0.52
11783,0.65
13383,0.07
15800,0.29
23696,0.39
8231,0.12
12224,0.0
24356,0.7
32932,0.1
18283,0.13
861,0.07
19724,0.66
12135,0.03
14018,0.63
25127,0.09
30615,0.13
20885,0.23
7247,0.04
19090,0.11
13304,0.33
19446,0.55
5868,0.78
22563,0.13
19972,0.9
28239,0.15
29050,0.07
16359,0.12
21878,0.05
19579,0.74
31817,0.08
18231,0.02
5785,0.12
16320,0.69
4577,0.52
12390,0.55
7326,0.32
17049,0.09
30569,0.14
18077,0.26
26372,0.21
12243,0.76
22632,0.09
2134,0.07
29515,0.1
12922,0.45
15813,0.06
33245,0.525
2294,0.11
28520,0.06
19757,0.2
27497,0.51
13430,0.16
1102,0.22
25564,0.3
7185,0.57
29229,0.96
20788,0.01
29366,0.01
9984,0.18
11341,0.08
5957,0.14
1957,0.35
27637,0.17
2751,0.1
2009,0.11
29713,0.13
11350,0.07
15985,0.14
23389,0.47
31382,0.1
1830,0.59
17931,0.05
23028,0.05
14858,0.21
9244,0.54
10893,0.1
11186,0.64
13381,0.27
16220,0.05
10238,0.54
5516,0.08
11716,0.08
22129,0.37
24313,0.53
27910,0.04
21147,0.69
21386,0.44
1950,0.18
16666,0.12
19160,0.4
33133,0.0
6629,0.13
16558,0.17
22049,0.02
25939,0.25
25883,0.05
24520,0.11
28322,0.05
3172,0.11
23139,0.91
17990,0.01
8237,0.32
1334,0.08
8598,0.41
7980,0.23
30553,0.1
26794,0.6
1303,0.21
28039,0.21
25722,0.43
7211,0.09
26920,0.15
23940,0.22
30536,0.05
1559,0.53
7415,0.53
13638,0.12
27351,0.16
9650,0.02
22882,0.12
27690,0.11
21858,0.42
25839,0.02
15248,0.58
19706,0.65
31497,0.14
8944,0.05
32159,0.08
6121,0.19
25969,0.55
30807,0.16
15115,0.68
21151,0.12
14794,0.23
26803,0.1
25099,0.4
22126,0.1
12618,0.33
10102,0.1
7896,0.22
8507,0.16
22416,0.59
174,0.16
33090,0.15
33082,0.09
12418,0.0
9306,0.08
32005,0.2
33244,0.12
18528,0.49
31846,0.03
3967,0.16
31271,0.17
24186,0.59
20896,0.01
24526,0.55
2033,0.11
14031,0.12
26155,0.04
7661,0.09
31637,0.03
18716,0.13
17566,0.08
32569,0.09
16636,0.05
15741,0.19
22633,0.83
23558,0.26
31140,0.1
9882,0.0
24624,0.05
10249,0.7
349,0.01
8008,0.39
9856,0.05
4023,0.01
10779,0.84
30205,0.01
31035,0.38
23844,0.07
18883,0.03
10045,0.71
4482,0.22
20738,0.04
17517,0.19
27583,0.15
9534,0.02
15050,0.12
18561,0.6
6776,0.53
273,0.86
18161,0.51
14237,0.57
6126,0.08
11333,0.27
20888,0.03
14188,0.14
12727,0.05
4188,0.03
5100,0.1
13258,0.05
8739,0.13
11993,0.07
28490,0.0
12870,0.07
19901,0.1
6407,0.08
24890,0.75
20859,0.06
24488,0.05
1729,0.17
25691,0.03
11540,0.03
28502,0.05
18813,0.23
28371,0.04
27185,0.77
4531,0.02
14729,0.24
11662,0.19
21587,0.66
31170,0.06
14381,0.73
18072,0.14
24762,0.12
19583,0.08
30800,0.34
19768,0.82
12474,0.04
10821,0.11
27287,0.08
11370,0.06
20450,0.44
1335,0.25
11725,0.09
31277,0.06
32655,0.28
19594,0.61
33161,0.15
18599,0.18
7180,0.48
32091,0.15
2589,0.07
13116,0.01
33192,0.88
16480,0.7
33149,0.5
14299,0.12
9319,0.17
5581,0.05
5668,0.62
17080,0.21
3267,0.41
26886,0.35
28875,0.61
8062,0.1
9010,0.63
22110,0.68
29152,0.02
17875,0.71
6507,0.41
13814,0.45
23903,0.77
23642,0.71
19480,0.09
10627,0.0
16617,0.1
12045,0.03
31424,0.41
12830,0.05
10612,0.74
23568,0.11
26242,0.11
29907,0.14
1515,0.0
8678,0.24
14930,0.12
6301,0.33
16056,0.08
3396,0.09
9322,0.2
3613,0.03
7969,0.06
14208,0.34083333333333327
2395,0.86
18548,0.58
9313,0.07
12335,0.37
25264,0.11
4204,0.21
23634,0.1
21677,0.05
13329,0.16
32972,0.04
24161,0.44
31978,0.15
11700,0.01
28101,0.6
22373,0.6
30291,0.76
5502,0.0
7205,0.0
11743,0.55
25086,0.08
30715,0.06
24336,0.05
11688,0.11
17811,0.23
13076,0.37
12641,0.13
29761,0.5
22631,0.34
20087,0.14
31365,0.56
6639,0.12
15662,0.14
12107,0.09
17530,0.02
4186,0.15
14311,0.06
28228,0.08
7130,0.62
11581,0.09
19464,0.18
16538,0.03
459,0.01
8481,0.17
10152,0.1
21,0.79
6904,0.57
1342,0.21
16486,0.22
11546,0.1
29684,0.11
28246,0.4
16181,0.57
28954,0.63
25887,0.18
25232,0.15
30301,0.11
13344,0.92
3674,0.09
23805,0.09
8817,0.465
31452,0.49
7222,0.0125
11535,0.44
8908,0.85
17209,0.48
19964,0.16
10464,0.36
21741,0.215
17727,0.02
16625,0.53
32963,0.09
15439,0.23
13556,0.04
12024,0.16
10946,0.02
8830,0.06
29820,0.05
351,0.14
16569,0.11
11674,0.18
19770,0.67
10875,0.02
10262,0.53
26135,0.49
4714,0.03
19306,0.17
13574,0.03
14134,0.33
28658,0.57
3451,0.08
18342,0.54
5875,0.13
7542,0.0
6546,0.15
20642,0.05
6066,0.11
3325,0.1
4120,0.42
12600,0.03
22963,0.04
10003,0.48
712,0.67
3071,0.14
1375,0.06
9757,0.05
10899,0.04
12113,0.74
26319,0.19
11794,0.36
2330,0.05
14401,0.09
1980,0.62
7368,0.42
22180,0.03
11234,0.16
31763,0.46
7089,0.25
29486,0.69
4277,0.61
24932,0.41
25568,0.02
8585,0.09
24901,0.14
28705,0.13
8323,0.11
30692,0.74
24749,0.55
27204,0.66
24452,0.03
22771,0.07
5821,0.15
17668,0.04
30992,0.55
3779,0.1
31214,0.11
2083,0.06
17907,0.0
12178,0.4
2733,0.14
18192,0.07
1889,0.12
15993,0.56
3494,0.04
33000,0.25
26970,0.04
24824,0.28
3246,0.2
25387,0.68
28651,0.12
17244,0.12
32815,0.35
9117,0.95
17053,0.08
25170,0.7
16749,0.07
12351,0.62
20927,0.59
15188,0.12
28439,0.32
5262,0.36
13821,0.47
9402,0.09
10807,0.0
19989,0.06
18532,0.74
31287,0.03
14674,0.21
5657,0.06
4420,0.8
776,0.05
15138,0.02
299,0.68
7068,0.15
16794,0.06
14214,0.04
26439,0.17
17729,0.22
13129,0.03
29865,0.14
17257,0.77
1425,0.01
25123,0.17
9463,0.3
4487,0.06
31057,0.7
15121,0.12
20803,0.13
13353,0.14
6230,0.19
29519,0.17
15134,0.01
2342,0.02
25930,0.04
6437,0.1
26172,0.11
32948,0.21
32837,0.01
4556,0.34
23396,0.84
32430,0.04
23759,0.39
30289,0.09
26675,0.62
7587,0.1
975,0.19
4941,0.15
4396,0.26
13134,0.08
13451,0.12
8526,0.7
18331,0.69
18838,0.02
19115,0.05
25209,0.92
5858,0.28
20014,0.02
24631,0.08333333333333331
28888,0.62
22084,0.24
4701,0.01
24727,0.08
21376,0.72
1976,0.63
877,0.0
26088,0.36
28424,0.05
29960,0.88
11170,0.0
13432,0.27
16720,0.82
9318,0.6
5662,0.38
20247,0.06
2276,0.05
7717,0.76
15664,0.09
27274,0.15
8261,0.89
26806,0.6
18522,0.09
29945,0.09
20474,0.07
24390,0.65
24517,0.08
28628,0.1
23797,0.37
24055,0.7
18538,0.21
13480,0.59
4915,0.3
10521,0.01
28974,0.08
3921,0.17
23982,0.5
6520,0.7
12959,0.44
17988,0.04
3388,0.01
6869,0.05
21314,0.43
29360,0.64
32718,0.08
25505,0.19
28232,0.29
10547,0.46
26871,0.09
16002,0.02
29577,0.41
20485,0.27
25289,0.03
1855,0.51
22405,0.06
30943,0.01
24798,0.08733333333333335
15988,0.07
16609,0.04
11373,0.67
10458,0.48
12511,0.08
5176,0.56
15122,0.06
23652,0.17
22911,0.64
30997,0.16
21550,0.14
30302,0.34
17946,0.1
32040,0.01
4030,0.18
20866,0.09
2608,0.69
17799,0.08
16275,0.21
22615,0.77
31313,0.14
10991,0.35
13298,0.32
23676,0.51
14635,0.61
14212,0.48
31835,0.84
4855,0.06
13778,0.13
13341,0.54
9681,0.95
26624,0.25
9210,0.05
14060,0.2
30803,0.26
4659,0.47
24175,0.18
16729,0.02
20521,0.7
22356,0.08
10976,0.26
13658,0.58
5614,0.52
30818,0.03
10828,0.02
22794,0.6
17120,0.21
20522,0.47
10121,0.04
2980,0.18
8512,0.02
14725,0.5
31308,0.11
9624,0.23
27419,0.29
8860,0.2
21546,0.09
20524,0.04
19109,0.05
10791,0.59
22092,0.09
14986,0.06
19284,0.11
23500,0.09
28582,0.08
28855,0.14
20777,0.62
12675,0.02
16506,0.06
25284,0.32
14088,0.01
799,0.04
33229,0.25
13614,0.13
4405,0.12
24886,0.83
14475,0.05
4413,0.35
21310,0.07
11047,0.01
32878,0.08
26767,0.34
22492,0.43
5515,0.05
29348,0.08
4445,0.46
12031,0.61
15575,0.01
5248,0.73
23419,0.02
22348,0.6
23801,0.31
23787,0.09
21990,0.44
9194,0.43
19926,0.0
13668,0.06
8362,0.08
13094,0.14
8160,0.03
7925,0.08
17014,0.08
4107,0.14
31093,0.61
6390,0.03
6988,0.12
15428,0.22
4895,0.02
22767,0.45
10359,0.46
27046,0.09
4118,0.21
28254,0.08
10838,0.27
2771,0.72
28873,0.12
23147,0.76
24674,0.37
4841,0.13
22181,0.61
15462,0.12
8496,0.01
5673,0.07
28436,0.04
14478,0.28
14747,0.06
13890,0.02
6483,0.2
13434,0.54
23610,0.13
13183,0.11
14096,0.13
10839,0.08
31736,0.22
2957,0.06
18407,0.49
16185,0.07
10695,0.45
21205,0.94
30530,0.42
9540,0.18
20302,0.6
25589,0.06
15696,0.05
30026,0.01
29697,0.06
18902,0.04
4442,0.2966666666666667
31437,0.13
7684,0.5
6404,0.11
32634,0.08
29220,0.29
28438,0.13
26557,0.69
3152,0.22
23142,0.02
2351,0.05
10750,0.32
7909,0.43
1281,0.04
9730,0.47
23113,0.07
11970,0.57
27548,0.12
14641,0.18
2021,0.46
24825,0.12
26853,0.58
29315,0.19
22385,0.55
9471,0.05
32384,0.3
11244,0.06
7709,0.02
24637,0.01
10820,0.47
26843,0.67
20359,0.08
1047,0.15
8987,0.07
20095,0.06
8121,0.1
30519,0.0375
26846,0.54
18485,0.09
16770,0.14
15786,0.03
9128,0.23
25043,0.11
9748,0.03
26377,0.57
11989,0.03
1242,0.26
32461,0.13
28169,0.04
9598,0.23
19400,0.6
36,0.13
29657,0.13
7687,0.02
2720,0.09
29540,0.02
20566,0.11
24531,0.55
17048,0.79
8549,0.76
16561,0.04
5055,0.06
1747,0.31
18255,0.06
27074,0.52
8929,0.39
24280,0.63
10866,0.17
20614,0.13
30210,0.65
29454,0.01
33158,0.26
11737,0.07
19455,0.03
16465,0.1
17647,0.09
26555,0.07
11445,0.19
32428,0.7
15955,0.04
19796,0.485
14211,0.17
10787,0.09
30050,0.16
25183,0.12
2526,0.09
33237,0.15
5369,0.27
7907,0.62
25380,0.17
14903,0.47
31426,0.38
17266,0.08
14506,0.42
11599,0.05
5910,0.57
4456,0.64
29673,0.1
26834,0.73
24541,0.44
10393,0.06
25154,0.61
30592,0.03
32851,0.08
6310,0.12
7860,0.59
1888,0.14
6853,0.6
20820,0.06
26749,0.12
31761,0.72
31740,0.39
17103,0.78
281,0.11
21174,0.17
24876,0.52
20487,0.15
26837,0.18
11254,0.74
19884,0.32
24087,0.06
14441,0.2
14106,0.59
33312,0.07
18082,0.255
543,0.09
4570,0.37
30454,0.1
16372,0.16
19169,0.03
30467,0.34
19442,0.71
25938,0.06
443,0.33
10471,0.78
5942,0.57
15353,0.12
20673,0.64
26814,0.63
8555,0.16
3124,0.06
9217,0.09
5253,0.48
24666,0.36
25340,0.11
29258,0.05
30675,0.14
30872,0.16
12116,0.41
32791,0.04
17863,0.59
12803,0.05
30183,0.29
13384,0.0
31107,0.21
24074,0.11
33175,0.37
8493,0.08
19775,0.03
10293,0.2
30548,0.4
27454,0.11
25655,0.02
190,0.335
16095,0.02
7714,0.58
15249,0.21
23320,0.51
17460,0.08
6146,0.06
29798,0.22
8079,0.14
19029,0.14
11723,0.17
3539,0.81
4269,0.09
6690,0.08
102,0.13
5613,0.05
11398,0.04
30752,0.21
16297,0.52
13683,0.04
18549,0.06
22481,0.13
8703,0.7
15390,0.36
19052,0.03
27528,0.05
372,0.07
4432,0.29
7995,0.15
20865,0.0
11430,0.34083333333333327
17468,0.22
5854,0.16
20868,0.09
7898,0.06
19266,0.14
25913,0.58
9124,0.06
3366,0.04
13774,0.16
1508,0.21
9140,0.63
21895,0.0
22203,0.36
5080,0.56
27391,0.13
3988,0.0
8299,0.11
7970,0.02
8060,0.17
1011,0.79
10792,0.12
12713,0.13
26189,0.35
29164,0.15
31055,0.3
8642,0.05
13568,0.12
1743,0.07
8460,0.06
28569,0.22
17226,0.78
2840,0.2
1230,0.05
7268,0.08
4505,0.125
4929,0.8
8221,0.22
7170,0.88
21333,0.68
20765,0.21
32688,0.18
9472,0.24
8503,0.42
14022,0.12
5695,0.12
19127,0.09
14878,0.08
28922,0.05
14906,0.06
28294,0.05
14911,0.08
1318,0.08
979,0.29
4805,0.03
24123,0.7
891,0.09
11028,0.12
16938,0.01
18477,0.06
27200,0.44
32157,0.55
15405,0.07
10643,0.01
7042,0.06
9518,0.09
23282,0.24
22119,0.21
23902,0.01
6024,0.19
17340,0.09
14609,0.09
15289,0.1
1966,0.17
16070,0.01
6037,0.03
26290,0.31
15322,0.12
13288,0.36
16259,0.26
419,0.05
30897,0.36
5250,0.23
24366,0.69
31487,0.06
21092,0.65
16315,0.07
21730,0.08
14981,0.5
5986,0.55
33087,0.01
12802,0.07
2834,0.14
19031,0.06
13618,0.73
4064,0.41
8287,0.96
11159,0.55
22751,0.07
9033,0.73
10622,0.14
28289,0.05
19107,0.09
16522,0.06
19457,0.71
12313,0.82
3625,0.16
1087,0.05
33119,0.25
32721,0.35
13598,0.21
11215,0.25
26313,0.11
30600,0.15
20153,0.49
30319,0.17
6211,0.01
18243,0.35
31905,0.09
12693,0.39
22326,0.11
26112,0.61
23987,0.36
14086,0.02
12887,0.73
13516,0.12
3384,0.02
29569,0.11
13889,0.02
19362,0.69
17206,0.59
13828,0.0
16271,0.72
15087,0.06
16707,0.37
2755,0.07
9960,0.02
5204,0.24
22090,0.12
13376,0.46
21348,0.77
1709,0.03
19853,0.09
19617,0.78
30331,0.08
10668,0.18
8508,0.05
12516,0.18
17534,0.14
21168,0.12
24207,0.08
22471,0.18
24281,0.39
1482,0.24
26239,0.56
8360,0.05
3108,0.26
5407,0.81
12995,0.02
7262,0.24
22522,0.09
19784,0.07
4229,0.03
14522,0.58
20733,0.22
11364,0.03
3387,0.12
22435,0.16
10674,0.14
2404,0.4
3125,0.08
25192,0.67
31765,0.12
11068,0.58
10846,0.08
18056,0.1
12198,0.51
11241,0.07
2408,0.18
5859,0.12
24250,0.53
655,0.08
11943,0.43
30285,0.34
31102,0.02
29848,0.72
25195,0.7
26174,0.13
17299,0.06
25929,0.0
30444,0.05
5679,0.08666666666666666
32203,0.64
16953,0.03
32485,0.52
30228,0.32
31085,0.03
16903,0.02
28257,0.14
4747,0.06
6693,0.1
19709,0.1
2927,0.45
27027,0.06
11142,0.11
9264,0.16
17514,0.23
24303,0.55
13624,0.15
17859,0.06
33241,0.21
3940,0.04
4309,0.14
18065,0.05
17033,0.13
2355,0.14
6348,0.295
14875,0.05
22718,0.19
1947,0.37
5182,0.5
22100,0.06
17387,0.09
19893,0.45
22111,0.1
12122,0.17
24990,0.09
29017,0.09
4763,0.94
4873,0.19
4985,0.32
28546,0.47
270,0.01
2202,0.08
21229,0.46
19325,0.02
21070,0.68
16444,0.61
10605,0.07
20766,0.39
930,0.03
15810,0.11
27709,0.1
3739,0.25
19658,0.02
33339,0.75
3819,0.15
26919,0.58
16396,0.16
21557,0.66
18401,0.7
8553,0.04
1228,0.03
12650,0.08
21384,0.08
22429,0.71
27462,0.03
9221,0.08
15179,0.06
18134,0.31
3121,0.66
10205,0.1
928,0.14
13885,0.03
29729,0.17
6401,0.17
9504,0.13
8176,0.59
14753,0.1
33043,0.09
29399,0.04
1292,0.56
17040,0.24
22663,0.06
24610,0.69
28739,0.17
14565,0.01
8076,0.45
17428,0.05
8913,0.19
27178,0.06
6205,0.2
32842,0.01
4913,0.57
8379,0.09
24906,0.02
29777,0.09
28711,0.09
28967,0.88
9660,0.0
29916,0.53
6085,0.61
14649,0.14
1638,0.13
15806,0.1
28203,0.24
30714,0.2
21891,0.14
1370,0.59
2350,0.59
32465,0.0
19215,0.26
9183,0.57
29672,0.46
29533,0.01
27273,0.04
7665,0.47
9293,0.19
29265,0.15
23232,0.14
3899,0.09
4604,0.03
19702,0.22
15503,0.18
9735,0.05
16304,0.53
3336,0.16
16887,0.01
29688,0.19
27191,0.0
8898,0.24
27745,0.19
19834,0.55
11604,0.59
16398,0.13
21953,0.17
2037,0.52
23530,0.52
5224,0.38
13250,0.54
21535,0.11
25260,0.03
29441,0.46
30687,0.09
13059,0.18
6836,0.5
14179,0.12
31380,0.09
28825,0.52
13587,0.08
24493,0.05
8592,0.16
32322,0.61
9769,0.08
11876,0.26
2692,0.03
7670,0.54
15698,0.1
2210,0.45
2328,0.03
32454,0.12
22664,0.08
8870,0.0
16308,0.58
33176,0.05
1231,0.13
14351,0.86
12160,0.55
7239,0.36
29862,0.09
7399,0.67
21086,0.1
9323,0.16
62,0.83
20676,0.08
31954,0.54
29992,0.04
28636,0.1
22267,0.24
8140,0.86
19119,0.01
32489,0.35
33367,0.87
12030,0.62
30558,0.27
24289,0.63
6222,0.06
3811,0.01
23263,0.79
26244,0.04
30459,0.0
29082,0.06
2680,0.01
6863,0.25
20329,0.07
25701,0.01
1435,0.19
7928,0.27
10611,0.11
18925,0.72
32209,0.23
7771,0.41
13483,0.28
11934,0.07
1725,0.22
31229,0.6
17656,0.03
16501,0.04
23171,0.66
6147,0.1
9492,0.47
2304,0.06
8117,0.01
22374,0.48
12582,0.03
24543,0.62
14459,0.06
17078,0.15
14383,0.23
6806,0.04
28079,0.07
9684,0.03
18006,0.06
18078,0.4
20496,0.13
23485,0.1
22209,0.7
23095,0.06
3599,0.28
12499,0.09
6189,0.19
682,0.09
6960,0.11
29352,0.57
15163,0.35
28749,0.41
16572,0.47
3706,0.8
14677,0.11
24192,0.02
18605,0.4
3472,0.07
7340,0.22
19267,0.62
18148,0.9
8650,0.04
24985,0.04
1259,0.24
16242,0.13
16662,0.06
11967,0.13
31015,0.13
26929,0.02
20517,0.2
29585,0.02
30193,0.28
17812,0.37
25448,0.61
124,0.03
12368,0.09
14079,0.04
1700,0.47
10409,0.06
1234,0.27
9133,0.04
19532,0.03
5143,0.62
28622,0.15
20391,0.52
21693,0.01
23496,0.62
12306,0.75
22388,0.41
16655,0.21
23722,0.09
4630,0.56
6532,0.1
13522,0.44
16945,0.49
26898,0.04
29005,0.33
14413,0.17
18695,0.11
33220,0.17
25087,0.06
6844,0.49
19555,0.24
1320,0.03
19684,0.06
7022,0.39
27580,0.2
29606,0.1
12683,0.65
4793,0.04
10299,0.07
25971,0.13
2059,0.05
32300,0.05
7723,0.07
14312,0.42
5063,0.2
31660,0.38
11249,0.16
21599,0.1
14550,0.66
29379,0.5
14948,0.0
18646,0.55
23868,0.11
17359,0.06
30694,0.05
12785,0.08
12216,0.46
31340,0.0175
22434,0.15
9515,0.13
2904,0.14
16981,0.62
28087,0.03
446,0.22
4235,0.07
28314,0.02
4224,0.03
6592,0.09
14707,0.47
1105,0.11
24692,0.14
20678,0.08
6357,0.17
19566,0.54
3919,0.4
142,0.04
17076,0.01
10767,0.61
4547,0.055
20869,0.39
27562,0.51
11388,0.67
5711,0.04
24816,0.26
6808,0.14
19410,0.63
7029,0.538
5465,0.16
25731,0.47
14109,0.09
1243,0.15
2560,0.0
9581,0.32
18821,0.14
3163,0.03
7110,0.05
14423,0.49
4711,0.07
1241,0.0
29796,0.06
125,0.07
17028,0.19
9398,0.06
7870,0.1
25996,0.09
10689,0.54
23567,0.19
23017,0.13
32175,0.01
24967,0.14
16447,0.06
32417,0.42
10434,0.24
2549,0.06
219,0.02
20892,0.47
4622,0.19
19584,0.08
22738,0.09
30455,0.16
3049,0.1
7767,0.06
13495,0.02
12672,0.16
32703,0.43
7593,0.23
17745,0.75
16998,0.04
7498,0.2
5231,0.08
5257,0.08
22693,0.52
24765,0.33
20229,0.34
10231,0.12
27025,0.1
2377,0.07
11255,0.74
1192,0.27
29666,0.06
2975,0.01
7348,0.15
25014,0.07
22930,0.12
11959,0.04
20503,0.15
29642,0.73
21273,0.48
19241,0.6
26037,0.81
17463,0.05
26060,0.56
24157,0.6
20002,0.12
2719,0.11
32120,0.21
3510,0.02
17060,0.1
27889,0.03
20986,0.25
7146,0.05
20531,0.04
25531,0.02
848,0.1
6866,0.0
3789,0.76
30916,0.07
11863,0.08
23802,0.12
32115,0.06
23417,0.17
21489,0.36
30179,0.12
33197,0.63
18335,0.63
29467,0.89
1754,0.09
31928,0.03
12421,0.65
10306,0.14
17847,0.68
28966,0.14
24136,0.25
8790,0.07
29118,0.06
30182,0.34
1732,0.18
13541,0.1
29811,0.01
12787,0.23
25604,0.63
16029,0.38
23229,0.29
17196,0.04
14424,0.61
9188,0.11
28558,0.22
23365,0.7
18157,0.03
13579,0.59
12356,0.37
4065,0.855
14154,0.2
19839,0.21
22645,0.45
17808,0.67
28686,0.13
17255,0.41
30191,0.17
19727,0.31
13708,0.34
31934,0.77
20854,0.13
29084,0.02
5497,0.08
32702,0.37
1851,0.16
23040,0.01
4319,0.05
21325,0.02
3050,0.04
7757,0.71
15261,0.14
2452,0.16
5716,0.04
6772,0.07
23569,0.94
13266,0.31
659,0.55
26854,0.03
2584,0.09
31678,0.01
25125,0.07
2382,0.04
10648,0.59
753,0.51
10183,0.1
8370,0.56
26012,0.17
30087,0.61
27387,0.71
8181,0.01
27057,0.15
14977,0.13
13835,0.8
6422,0.0
18080,0.23
24547,0.04
4980,0.16
14213,0.01
4587,0.23
21451,0.07
5660,0.18
27009,0.59
12318,0.33
4163,0.01
1327,0.24
23664,0.05
11547,0.11
13315,0.6
31495,0.49
22337,0.01
23227,0.05
12890,0.11
26705,0.22
23813,0.1
21115,0.15
7921,0.22
22600,0.06
5574,0.09
30059,0.44
31420,0.23
15357,0.68
23990,0.71
12330,0.38
19214,0.44
16549,0.17
6231,0.53
29775,0.09
10243,0.07
27891,0.02
7445,0.0
24225,0.6
7234,0.0
6185,0.2
5832,0.43
13240,0.09
4748,0.75
25134,0.06
4212,0.02
15191,0.05
17768,0.16
31354,0.03
2866,0.12
25706,0.01
24228,0.295
2543,0.2
25274,0.21
16844,0.01
7127,0.11
19273,0.67
13206,0.34
22223,0.11
17030,0.04
17661,0.07
16365,0.38
17416,0.12
33262,0.47
33304,0.61
19708,0.37
23850,0.05
31211,0.01
16094,0.08
22895,0.01
32554,0.3
1495,0.34
30366,0.13
13277,0.04666666666666666
11636,0.22
23649,0.31
10752,0.12
19038,0.05
13940,0.09
5023,0.16
16110,0.05
19364,0.08
21914,0.23
2169,0.11
26273,0.58
11123,0.03
20317,0.02
8853,0.07
7803,0.14
18249,0.03
2746,0.46
4527,0.02
8714,0.58
4383,0.04
6287,0.11
18068,0.19
30761,0.68
4930,0.13
9396,0.23
10988,0.09
14004,0.32
26793,0.2
23056,0.18
4784,0.03
32422,0.74
26033,0.02
8177,0.07
8082,0.02
21389,0.52
16901,0.17
23242,0.8033333333333332
12615,0.73
16279,0.44
8557,0.16
24102,0.1
15998,0.17
1920,0.66
28747,0.02
21305,0.76
15424,0.63
2989,0.1
14587,0.01
26504,0.16
7474,0.04
26786,0.58
18182,0.735
23311,0.19
32675,0.06
6726,0.14
7667,0.07
11080,0.04
28703,0.03
10867,0.03
15029,0.01
24623,0.08
20584,0.05
10860,0.16
33129,0.29
32849,0.67
22742,0.08
31438,0.37
15721,0.01
3436,0.05
25248,0.13
22044,0.41
26644,0.04
7014,0.03
13458,0.03
15694,0.0
1909,0.41
28250,0.04
22534,0.08
2839,0.02
4724,0.12
22770,0.76
30912,0.02
32785,0.9
7557,0.11
13948,0.19
24873,0.96
29919,0.05
12006,0.67
23697,0.24
18630,0.1
3601,0.02
2745,0.36
18520,0.15
10067,0.39
8203,0.65
