enrollee_id,predict
10241,0.15
986,0.55
4257,0.12
10406,0.32
5284,0.05
10460,0.06
4546,0.62
8352,0.08
1393,0.06
6208,0.4
1015,0.22
4285,0.15
5610,0.01
10077,0.49
1009,0.38
1027,0.1
8324,0.42
8099,0.23
6729,0.01
6760,0.16
6674,0.17
4830,0.21
10084,0.6
10985,0.51
3946,0.37
3602,0.25
634,0.05
690,0.07
10966,0.12
4491,0.01
10664,0.32
9437,0.06
3370,0.02
5009,0.05
8983,0.65
882,0.08
8771,0.01
3835,0.09
10362,0.2
8540,0.06
12109,0.13
114,0.01
168,0.04
3618,0.11
1828,0.59
3680,0.08
7884,0.02
12248,0.64
10151,0.44
2659,0.78
6321,0.02
7679,0.2
12267,0.73
7355,0.29
2401,0.37
5214,0.33
10925,0.68
2985,0.83
6645,0.79
11451,0.345
1659,0.07
897,0.82
8295,0.19
3874,0.13
6838,0.29833333333333334
6002,0.47
11709,0.09
9673,0.0
1912,0.23
3935,0.03
1096,0.13
10868,0.13
451,0.55
98,0.21
3742,0.29
7820,0.17
6618,0.1
3277,0.45
7609,0.2
5774,0.04
3534,0.16
10400,0.23
8685,0.61
4181,0.4
6630,0.07
1142,0.02
7592,0.06
6242,0.04
10408,0.05
5206,0.45
11960,0.56
3444,0.83
9476,0.16
6934,0.62
3443,0.24
4804,0.17
2434,0.13
10877,0.64
12098,0.26
7208,0.02
6271,0.14
912,0.125
5451,0.23
2941,0.06
2352,0.25
3811,0.76
11540,0.12
6500,0.75
5479,0.06
2191,0.09
3047,0.03
7092,0.2
4210,0.16
11396,0.15
8077,0.48
3209,0.3
6282,0.2
6580,0.04
11805,0.14
11873,0.46
559,0.06
5433,0.19
1059,0.37
2268,0.55
533,0.28
6833,0.44
6984,0.71
438,0.06
11046,0.3
11621,0.0
4399,0.11
2146,0.34
11700,0.37
1327,0.59
1477,0.0
3615,0.17
2952,0.41
11013,0.45
8925,0.0
8669,0.01
3886,0.34
4576,0.3
7289,0.53
7435,0.37
3093,0.01
8226,0.35
5351,0.11
7416,0.1
5502,0.1
7377,0.21
1124,0.1
7218,0.03
5053,0.08
4036,0.58
12151,0.65
10086,0.38
4250,0.76
6362,0.26
4143,0.03
4746,0.25
9826,0.15
401,0.3
10705,0.68
9111,0.22
3510,0.01
12380,0.13
1574,0.76
4629,0.07
7191,0.06
3116,0.65
5244,0.2
11943,0.17
3468,0.09
7497,0.01
12370,0.83
857,0.12
5804,0.71
2077,0.11
2570,0.4
4766,0.12
75,0.09
2755,0.34
12428,0.24
6547,0.36
3145,0.3
10308,0.72
6956,0.11
5324,0.03
2410,0.56
1098,0.14
4200,0.14
4229,0.04
12186,0.06
11457,0.13
2137,0.3
7422,0.12
2575,0.62
6695,0.46
3888,0.25
6791,0.17
8157,0.18
9079,0.14
11096,0.16
1193,0.67
11410,0.03
7619,0.32
8607,0.81
9798,0.49
4449,0.09
2027,0.45
3745,0.61
950,0.56
9701,0.11
9267,0.06
2407,0.11
9834,0.46
11810,0.48
9479,0.13
8754,0.125
464,0.46
11898,0.57
12418,0.04
8046,0.09
250,0.15
5497,0.26
977,0.58
2335,0.19
9354,0.6
8796,0.03
10139,0.25
195,0.06
5032,0.03
5402,0.04
7918,0.43
11886,0.72
1464,0.632
7542,0.04
5690,0.1
9787,0.07
2341,0.19
7217,0.1
2819,0.66
10602,0.18
2390,0.74
7186,0.07
5491,0.15
10336,0.35
7865,0.75
4337,0.33
10701,0.67
3841,0.16
10346,0.06
6051,0.35
8809,0.31
5340,0.69
9927,0.94
8698,0.64
8863,0.06
11654,0.33
11650,0.27
8978,0.41
4222,0.26
4230,0.44
7730,0.53
10693,0.04
4077,0.37
5016,0.56
6534,0.45
9345,0.15
10046,0.02
7324,0.13
7724,0.24
9411,0.07
5112,0.22
3040,0.14
3218,0.14
7077,0.8
11092,0.52
8831,0.37
9072,0.22
7192,0.1
10475,0.16
5773,0.0
9968,0.13
8234,0.07
1127,0.61
1972,0.3
7888,0.71
993,0.38
6535,0.81
5363,0.56
12285,0.09
1697,0.02
4959,0.0
727,0.06
9830,0.04
7594,0.61
8073,0.09
9838,0.56
5195,0.01
9289,0.06
11170,0.1
653,0.06583333333333333
4793,0.57
9150,0.13
7827,0.14
4475,0.17
8429,0.13
3716,0.02
11983,0.64
6737,0.17
9403,0.09
6000,0.39
2379,0.02
2949,0.15
2162,0.21
2459,0.04
10415,0.24
5645,0.37
5925,0.03
4271,0.25
11719,0.48
2833,0.03
3514,0.27
102,0.25
10413,0.12
68,0.67
9416,0.12
12171,0.34
824,0.65
8076,0.08
7056,0.08
8308,0.0
5967,0.2
3379,0.18
8487,0.08
1833,0.14
8732,0.03
10904,0.02
7485,0.01
6394,0.12
9312,0.42
9249,0.11
9881,0.09
7752,0.87
4221,0.51
7436,0.4
268,0.1
11871,0.14
10643,0.28
1882,0.07
11145,0.09
5389,0.06
8082,0.05
7791,0.28
984,0.21
917,0.08
4116,0.12
8652,0.05
2822,0.16
9440,0.23
3264,0.06
11275,0.03
5696,0.12
10915,0.12
1824,0.02
11674,0.03
11098,0.07
11080,0.22
7595,0.08
10742,0.47
11061,0.19
9052,0.02
4095,0.63
2922,0.52
3241,0.03
11981,0.08
3944,0.67
3759,0.68
4767,0.0
11265,0.05
8353,0.07
3499,0.72
10204,0.65
10741,0.6
8571,0.05
12019,0.7
9040,0.0
10599,0.11
7701,0.1
6979,0.23
4857,0.06
10129,0.06
597,0.1
7940,0.57
3968,0.49
10437,0.1
10859,0.16
10045,0.2
10916,0.63
940,0.11
10749,0.0
6349,0.18
8025,0.05
3998,0.04
5427,0.05
3290,0.42
8548,0.84
527,0.24
7788,0.04
499,0.03
7406,0.21
568,0.03
12137,0.43
2942,0.045
3002,0.41
6283,0.38
11971,0.62
1866,0.14
8031,0.33
9574,0.17
3008,0.06
7393,0.38
1266,0.5
3174,0.54
1847,0.58
6358,0.49
298,0.07
3237,0.68
8822,0.07
2535,0.12
2681,0.0
9293,0.18
11299,0.03
8812,0.85
9332,0.13
3344,0.52
4165,0.11
789,0.49
5096,0.16
1055,0.24
12358,0.1
1503,0.01
7226,0.02
11309,0.12
8928,0.15
4772,0.16
10498,0.77
1528,0.07
3780,0.04
12289,0.68
2303,0.59
11367,0.21
709,0.03
507,0.76
845,0.06
2947,0.02
7027,0.66
7839,0.13
2910,0.09
10314,0.07
6795,0.6
8746,0.52
8468,0.36
5227,0.08
10171,0.1
9817,0.55
5127,0.16
10164,0.18
863,0.04
6614,0.49
633,0.65
9540,0.24
10176,0.11
979,0.12
701,0.02
3697,0.06
234,0.2
7099,0.08
6497,0.08
2666,0.18
4539,0.12
11282,0.115
8369,0.05
5665,0.26
170,0.37
5547,0.24
11878,0.08
3881,0.24
7122,0.02
3569,0.18
6653,0.07
9917,0.1
6537,0.14
8533,0.03
9980,0.72
7267,0.06
10734,0.48
638,0.07
8389,0.03
10971,0.15
4254,0.56
8935,0.18
6435,0.05
1360,0.05
5601,0.25
8941,0.09
8989,0.08
4019,0.1
2632,0.03
8305,0.11
7571,0.03
4114,0.45
9422,0.17
1443,0.13
8056,0.03
6548,0.0
8938,0.08
3461,0.09
9292,0.4
7466,0.85
649,0.23
11789,0.04
7079,0.05
7085,0.18
10154,0.07
12249,0.03
756,0.54
2519,0.41
12010,0.04
11306,0.73
9841,0.11
11598,0.06
2086,0.53
11774,0.47
2890,0.54
159,0.22
3794,0.07
11136,0.53
8923,0.25
1827,0.57
5762,0.32
5062,0.42
11009,0.8
9867,0.21
7738,0.09
9810,0.99
3128,0.65
7952,0.04
5288,0.38
9413,0.66
34,0.15
1485,0.12
8408,0.01
1726,0.37
2395,0.23
7670,0.57
6147,0.02
7660,0.13
5130,0.24
4665,0.23
8338,0.51
215,0.06
7357,0.31
10062,0.1
6461,0.02
11734,0.22
11610,0.05
1431,0.14
10834,0.16
539,0.58
9344,0.4366666666666667
2328,0.76
7404,0.75
4323,0.63
1462,0.07
25,0.12
11602,0.58
5162,0.08
1710,0.09
5278,0.1
1839,0.73
896,0.12
1203,0.1
11861,0.32
10699,0.16
12271,0.03
10109,0.02
3545,0.17
730,0.07
5643,0.1
4599,0.77
4994,0.05
90,0.12
11665,0.02
12255,0.0
3905,0.17
4503,0.1
5851,0.09
10407,0.28
1460,0.67
4488,0.35
9246,0.16
5838,0.09
6293,0.09
3828,0.58
4431,0.09
4948,0.74
629,0.04
7263,0.23
8569,0.47
320,0.01
6066,0.02
11823,0.29
4017,0.57
10811,0.6
453,0.15
4262,0.43
2954,0.37
4029,0.0
1491,0.07
8551,0.12
8906,0.65
1626,0.03
206,0.1
8861,0.04
11544,0.03
11083,0.09571428571428571
4956,0.75
1165,0.11
8713,0.45
10844,0.71
7951,0.02
4614,0.16
3305,0.55
12002,0.28
8580,0.32
8236,0.11333333333333334
10228,0.11
4597,0.45
9015,0.19
10091,0.04
205,0.15
44,0.81
3582,0.44
11478,0.43
9232,0.35
816,0.01
6456,0.61
2311,0.07
7204,0.73
8359,0.42
11430,0.02
11224,0.03
4596,0.66
8801,0.14
12160,0.03
7824,0.59
3043,0.62
10755,0.15
9605,0.03
5752,0.03
10793,0.07
5223,0.06
8223,0.03
10596,0.63
6764,0.4
4131,0.77
9153,0.94
7374,0.72
11122,0.05
3080,0.1
1524,0.45
8645,0.63
4213,0.18
7241,0.23
1982,0.01
6539,0.54
1522,0.19
10076,0.03
10402,0.22
3723,0.11
2360,0.01
3408,0.04
9928,0.55
9505,0.12
1755,0.18
4563,0.02
10551,0.21
5312,0.42
9615,0.3
3450,0.08
9660,0.42
2081,0.06
1622,0.04
11548,0.09
2668,0.43
3488,0.07
6219,0.19
7569,0.08
10988,0.01
6577,0.15
6654,0.93
3627,0.64
5578,0.02
11535,0.04
532,0.06
6907,0.01
4231,0.65
8481,0.61
8642,0.0
4094,0.11
3338,0.56
11165,0.15
728,0.25
3718,0.55
6905,0.03
5582,0.275
7819,0.04
12298,0.35
7302,0.68
11206,0.1
4898,0.24
11831,0.02
8556,0.01
70,0.06
10196,0.65
9589,0.2
8887,0.26
9133,0.12
2966,0.11
3710,0.09
5133,0.22
3622,0.3
11130,0.63
11777,0.19
1129,0.02
5482,0.08
8017,0.63
2574,0.57
10827,0.17
1101,0.12
11359,0.02
1100,0.49
351,0.03
12244,0.96
3891,0.05
10405,0.28
10170,0.1
11353,0.19
9921,0.03
8678,0.19
8063,0.23
10063,0.04
11141,0.81
11686,0.14
4239,0.78
6945,0.38
5277,0.17
8095,0.52
10010,0.05
10619,0.1
12100,0.23
11597,0.6
4643,0.6
6068,0.05
8735,0.47
1450,0.08
9689,0.63
5331,0.84
5175,0.1
3508,0.54
10655,0.01
9575,0.26
10542,0.67
6709,0.67
807,0.03
11163,0.61
11936,0.33
5977,0.33
1809,0.68
599,0.03
6143,0.47
8888,0.04
11341,0.23
11471,0.49
6928,0.17
6542,0.46
7189,0.43
3336,0.13
8903,0.29
5090,0.02
2220,0.04
1245,0.06
5505,0.01
11459,0.25
5970,0.27
5002,0.05
11642,0.08
8527,0.25
6025,0.13
5409,0.6
9458,0.67
119,0.48333333333333334
9770,0.04
9054,0.0
3464,0.74
8002,0.26
404,0.06
6083,0.15
2549,0.02
9786,0.19
11519,0.12
2832,0.11
11002,0.61
4144,0.06
226,0.11
11213,0.19
9468,0.19
10015,0.03
9328,0.07
30,0.04
9960,0.4
3635,0.84
10531,0.63
11393,0.59
2858,0.59
9036,0.75
8396,0.09
630,0.03
6324,0.19
6942,0.13
9603,0.11
7707,0.59
8297,0.07
7417,0.21
479,0.01
11586,0.21
2178,0.43
10158,0.64
3802,0.55
2501,0.01
8486,0.685
11188,0.16
6590,0.07
8493,0.74
11926,0.03
3588,0.06
6342,0.62
386,0.11
5718,0.2
3930,0.07
8616,0.01
4727,0.43
9119,0.01
2662,0.66
2161,0.05
1714,0.01
4097,0.51
11144,0.1
818,0.12
3385,0.01
12239,0.55
10937,0.04
2930,0.53
6316,0.4611666666666667
7855,0.06
7147,0.06
10687,0.01
10746,0.32
8497,0.18
672,0.3
3974,0.09
12295,0.75
3003,0.5
4842,0.16
6817,0.12
11211,0.4
326,0.62
9553,0.01
6214,0.02
2746,0.76
10206,0.01
4828,0.24
10008,0.55
9309,0.065
133,0.2
5256,0.03
96,0.41
7438,0.15
1130,0.0
3118,0.11
384,0.89
6997,0.06
6120,0.56
5870,0.66
5390,0.03
11269,0.49
6133,0.03
3709,0.16
4479,0.55
6736,0.15
376,0.31
4030,0.26
9517,0.66
3304,0.62
10856,0.17
589,0.52
6857,0.14
2527,0.03
8171,0.22
5759,0.7
8080,0.1
10282,0.14
5270,0.24
8252,0.11
9147,0.07
1029,0.52
4227,0.14
3547,0.55
5960,0.77
7026,0.03
3228,0.57
7889,0.05
5469,0.11
1777,0.01
10184,0.05
7429,0.29
8553,0.04
2327,0.48
1782,0.07
721,0.105
5588,0.76
5124,0.72
7022,0.28
3057,0.06
3560,0.07
1640,0.12
2534,0.03
5508,0.61
6317,0.86
12041,0.12
10536,0.12
11628,0.64
1409,0.55
3567,0.19
4378,0.18
4785,0.55
7371,0.14
6679,0.86
1091,0.05
1487,0.25
3750,0.4
3453,0.33
132,0.03
2545,0.69
4607,0.36
7249,0.12
3380,0.24
6130,0.04
10449,0.52
2235,0.14
11974,0.76
2437,0.15
11750,0.61
1178,0.16
1200,0.04
8869,0.45
4292,0.1
12410,0.01
10911,0.6736666666666667
2204,0.05
4941,0.1025
3437,0.02
3428,0.02
2801,0.19
2773,0.4
9981,0.49
1006,0.05
12253,0.17
10356,0.24
6089,0.49
4709,0.58
10303,0.1
3732,0.06
285,0.08
5081,0.09
10502,0.56
7041,0.09
8139,0.03
1881,0.61
11947,0.1
2607,0.58
9271,0.105
3912,0.1
6369,0.19
10761,0.11
1614,0.02
9031,0.12
9006,0.45
10709,0.05
9565,0.06
1795,0.62
9832,0.64
3820,0.04
8298,0.07
3137,0.02
6176,0.13
5737,0.01
7005,0.02
12017,0.59
627,0.11
9451,0.53
9009,0.29333333333333333
5847,0.4
7219,0.41
1198,0.67
11513,0.05
11298,0.14
10725,0.54
1756,0.43
1402,0.01
731,0.11
9436,0.04
11958,0.31
1018,0.06
10443,0.09
11185,0.69
7955,0.27
8216,0.1
1053,0.49
7755,0.05
2293,0.62
1843,0.42
9387,0.36
5740,0.16
12177,0.22
1722,0.37
7625,0.14
1657,0.14
1188,0.25
493,0.71
6085,0.13
7966,0.05
6388,0.27
5495,0.12
10888,0.0
11520,0.49
6499,0.04
4860,0.23
1399,0.3
4115,0.81
2289,0.09
12324,0.53
1877,0.15333333333333335
1497,0.04
2297,0.0
8576,0.58
12149,0.54
58,0.62
4426,0.8
2019,0.16
5585,0.41
7597,0.17
6400,0.02
3707,0.18
11938,0.0
4604,0.5
8567,0.33
4096,0.03
12101,0.15
10865,0.31
11175,0.31
1836,0.65
8078,0.01
8697,0.72
3927,0.09
6207,0.11
6684,0.4758333333333333
2174,0.07
7105,0.77
2474,0.18
6165,0.26
9595,0.24
1111,0.19
5883,0.07
8688,0.12
6112,0.71
5161,0.2
7316,0.03
12401,0.29
2775,0.01
12385,0.1
12400,0.02
4319,0.26
11,0.11
9920,0.13
9648,0.35
11134,0.37
11423,0.67
10640,0.26
10290,0.77
7306,0.2
3388,0.74
8022,0.23
4060,0.09
11553,0.54
10487,0.22
3525,0.09
8006,0.04
10105,0.2
4490,0.65
6419,0.55
3691,0.15
10355,0.04
11919,0.76
6527,0.04
6012,0.09
4573,0.4
8039,0.19
1919,0.12
9169,0.08
11581,0.09
7349,0.37
1940,0.84
8215,0.53
3357,0.64
10287,0.04
94,0.05
7100,0.01
4245,0.67
11690,0.0
4466,0.17
9389,0.61
8828,0.02
4515,0.05
944,0.84
5103,0.49
3513,0.02
6880,0.17
6959,0.02
5923,0.09
3849,0.57
3208,0.05
1414,0.6
7138,0.29
5790,0.6
1962,0.58
6088,0.38
4035,0.09
2587,0.11
804,0.03
7603,0.06
10752,0.06
1004,0.01
5367,0.01
9737,0.06
9815,0.73
9857,0.2
10195,0.07
11771,0.32
2156,0.69
9094,0.54
590,0.06
9945,0.25
6392,0.38
3329,0.22
12190,0.285
9654,0.15
8504,0.3
27,0.03
4038,0.21
6031,0.43
379,0.6
1318,0.06
2997,0.13
1684,0.1
2337,0.6
9402,0.6108333333333333
7453,0.15
4577,0.13
2092,0.14
6784,0.42
1504,0.18
4598,0.07
3901,0.14
3373,0.57
7799,0.16
6146,0.51
302,0.21
2182,0.03
4360,0.73
1715,0.25
4180,0.26
1886,0.17
7423,0.18
3,0.01
2926,0.22
10708,0.37
10854,0.89
9456,0.18
7276,0.53
5357,0.42
5701,0.26
788,0.1
8433,0.64
7875,0.44
2093,0.22
12156,0.69
6475,0.11
8055,0.0
3462,0.24
8892,0.0
10264,0.35
3982,0.72
9204,0.13
5074,0.29
5086,0.8
560,0.04
7535,0.21
12206,0.43
1649,0.0
10825,0.15
9727,0.45
2649,0.28
3583,0.03
10940,0.0
9159,0.02
5783,0.08
5114,0.57
4042,0.64
5682,0.18
5548,0.57
3278,0.12
4172,0.68
12065,0.15
1547,0.07
8092,0.03
6266,0.44
3058,0.03
2308,0.37
5815,0.15
2552,0.52
6594,0.05
395,0.07
5383,0.15
8804,0.21
4784,0.46
8244,0.06
526,0.28
1448,0.01
7165,0.22
5930,0.42
1013,0.08
547,0.46
3643,0.04
5212,0.04
4105,0.05
1605,0.05
7583,0.11
2961,0.47
9587,0.06
4113,0.1
500,0.0
11726,0.04
4207,0.62
891,0.355
4157,0.11
9123,0.02
8526,0.6
11684,0.26
1713,0.6
8836,0.74
8867,0.16
4791,0.08
534,0.04
2785,0.075
11069,0.73
8232,0.51
2696,0.24
4801,0.4
7332,0.31
372,0.58
8824,0.78
9412,0.57
11102,0.63
10236,0.02
4873,0.64
7790,0.16
11663,0.18
7905,0.65
4913,0.08
521,0.6
8756,0.4
228,0.15
12432,0.6
11262,0.23
1521,0.01
1987,0.14
2320,0.63
11751,0.26
6268,0.43
684,0.05
12258,0.04
7214,0.01
10165,0.15
11922,0.385
5734,0.19333333333333336
10821,0.56
4023,0.1
10344,0.53
8471,0.1
8531,0.35
8575,0.06
4999,0.31
6605,0.43
11139,0.01
350,0.25
8724,0.05
9884,0.03
12178,0.1
38,0.28
1575,0.16
747,0.56
6408,0.35
7773,0.14
5468,0.76
7897,0.24
1889,0.32
2016,0.04
3726,0.2
10615,0.23
6357,0.29
11321,0.11
7447,0.1
8038,0.79
1022,0.15
72,0.29
4041,0.44
11360,0.3
1790,0.1
7345,0.5
5339,0.12
10583,0.29
8656,0.74
9705,0.03
7895,0.08
11412,0.25
7970,0.02
7020,0.205
2990,0.72
5424,0.23
11533,0.3
2165,0.7
11162,0.86
9851,0.17
6040,0.24
6743,0.25
803,0.25
2464,0.09
2604,0.08
153,0.19
11151,0.01
7457,0.28
4463,0.18
9824,0.79
5574,0.19
4386,0.82
2127,0.21
9372,0.1
10020,0.52
4174,0.16
2069,0.29
7842,0.12
1359,0.09
399,0.18
8199,0.28
11039,0.07
7637,0.19
1475,0.62
2757,0.05
2330,0.84
1442,0.23
10646,0.76
111,0.7116666666666666
11132,0.5
209,0.03
1848,0.6
9294,0.33
11464,0.15
8349,0.13
10918,0.06
9382,0.19
8890,0.16
9459,0.55
8454,0.75
12221,0.5
415,0.57
11537,0.89
7623,0.29
10041,0.07
10917,0.04
3779,0.08
7763,0.54
4747,0.12
7075,0.52
12094,0.14
10473,0.01
9599,0.12
11633,0.19
9982,0.17
11095,0.12
10692,0.36
10360,0.01
6042,0.39
12337,0.05
5396,0.06
2943,0.62
11760,0.1
8360,0.4
1150,0.36
2446,0.12
8013,0.38
3661,0.07
9828,0.08
9089,0.09
2485,0.18
6346,0.18
9450,0.04
7334,0.11
7710,0.19
867,0.38
9715,0.17
2729,0.23
7107,0.02
666,0.02
2003,0.02
3155,0.17
396,0.02
8702,0.6
4374,0.1
1739,0.08
11790,0.11
67,0.19
9825,0.26
10119,0.31
5107,0.67
9283,0.16
9304,0.07
12089,0.22
8024,0.09
12237,0.26
11415,0.08
3039,0.09
10260,0.06
341,0.04
12447,0.98
11859,0.08
9687,0.44
4918,0.08
7193,0.01
8279,0.6
875,0.53
9680,0.02
107,0.33
7444,0.09
3587,0.78
4809,0.69
4448,0.03
10396,0.17
3670,0.08
4074,0.26
1831,0.35
3818,0.18
12320,0.76
1759,0.03
7240,0.77
3011,0.07
5887,0.07
186,0.09
595,0.35
7024,0.46
7942,0.45
7713,0.1
3017,0.36
6544,0.08
4551,0.12
8653,0.76
5377,0.28
6330,0.12
5229,0.02
9597,0.07
10138,0.06
4199,0.03
1369,0.08
3812,0.43
2982,0.1
7172,0.77
10441,0.06
10618,0.42
2808,0.13
2700,0.24
9728,0.05
2295,0.08
1645,0.06
4648,0.57
4745,0.05
5295,0.19
1156,0.03
8948,0.13
9379,0.23
5569,0.59
8792,0.6
2970,0.1
1961,0.04
11032,0.34333333333333327
8224,0.2
9909,0.7
2495,0.46
9330,0.14
7909,0.06
9203,0.13
1284,0.0
2233,0.7
6335,0.04
8079,0.63
6735,0.01
1621,0.12
5274,0.07
11560,0.44
3023,0.5
3737,0.04
4618,0.07
8749,0.02
3068,0.21
4678,0.08
10731,0.18
6243,0.62
4301,0.23
3223,0.1
7167,0.07
5780,0.03
11732,0.12
1227,0.02
2128,0.09
3771,0.1
118,0.07
5155,0.3
10703,0.13
9467,0.49
8967,0.54
3222,0.59
11349,0.14
5325,0.58
7180,0.24
2540,0.0
3120,0.21
4298,0.21
8461,0.07
11221,0.16
4990,0.4
3654,0.63
5203,0.51
8561,0.42
2776,0.08
8679,0.76
11199,0.48
11743,0.1
9325,0.0
2844,0.05
6973,0.34
11316,0.2
10272,0.43
6328,0.12
2364,0.41
8629,0.12
2267,0.01
645,0.28
11075,0.18
5165,0.24
5867,0.19
8498,0.19
8286,0.11
7774,0.19
4332,0.15
2510,0.16
12254,0.17
9866,0.33
5492,0.17
9555,0.06
5251,0.2
8155,0.09
11624,0.11
6763,0.07
2392,0.55
3115,0.7333333333333333
2754,0.08
8371,0.51
3395,0.2
7029,0.0
12302,0.21
3804,0.13
4854,0.21
1764,0.32
11210,0.06
7593,0.26
981,0.01
4493,0.01
3458,0.1
7628,0.65
11702,0.18
1591,0.05
9683,0.18
2727,0.15
9420,0.09
274,0.23
1348,0.57
10505,0.2
8741,0.09
11829,0.1
154,0.01
4325,0.12
3291,0.17
1388,0.27
8808,0.22
11323,0.27
3091,0.21
10343,0.21
5407,0.05
4269,0.1
8284,0.11
9105,0.11
9685,0.12
8151,0.25
1204,0.05
8969,0.05
3284,0.01
2066,0.45
5374,0.13
2573,0.21
8821,0.1
1870,0.11
7242,0.38
12166,0.09
1516,0.53
1232,0.56
296,0.55
4085,0.0
473,0.09
9782,0.1
4738,0.12
9708,0.59
8229,0.81
4820,0.09
11142,0.8
8946,0.26
2707,0.11
11184,0.05
5279,0.29
59,0.05
12395,0.725
6022,0.01
237,0.04
4776,0.05
659,0.57
9471,0.28
2109,0.12
11967,0.58
4307,0.06
8340,0.63
9568,0.01
1256,0.63
10163,0.12
5267,0.32
2907,0.12
11216,0.41
3496,0.07
11632,0.09
1315,0.31
9446,0.64
6288,0.06
1347,0.03
1077,0.54
3960,0.74
4324,0.78
1324,0.1
7011,0.06
3215,0.12
11257,0.04
1859,0.6
4306,0.07
1384,0.08
5047,0.05
6415,0.09
8965,0.78
2394,0.53
390,0.39
10667,0.71
4106,0.74
1103,0.68
1979,0.42
1899,0.08
6386,0.12
7163,0.03
6804,0.44
12025,0.05
9951,0.0
4833,0.16
7971,0.08
8549,0.84
12317,0.23
6460,0.07
9949,0.02
2918,0.05
11698,0.52
1206,0.28
8062,0.13
5328,0.33
7446,0.05
11312,0.05
894,0.02
3769,0.03
11955,0.03
9713,0.05
2002,0.17
117,0.09
2422,0.16
5822,0.07
6656,0.2
11429,0.04
8911,0.05
3361,0.21
5439,0.17
7954,0.04
4868,0.4
9368,0.82
6305,0.31
8774,0.1
7023,0.24
9691,0.06
11227,0.06
1969,0.09
4020,0.35
3995,0.13
3923,0.74
1515,0.05
5350,0.05
5616,0.01
4876,0.72
2636,0.33
8734,0.06
2747,0.12
1867,0.01
6725,0.27
3362,0.03
6916,0.27
2305,0.41
6017,0.8493333333333334
8496,0.21
1914,0.33
8366,0.4
703,0.66
9323,0.64
604,0.55
9983,0.6508333333333333
11025,0.05
8778,0.54
5770,0.74
11725,0.07
12241,0.6133333333333333
4018,0.71
10537,0.24
10225,0.66
7162,0.09
11622,0.08
2009,0.34
11637,0.88
3544,0.05
8212,0.2
8453,0.06
3579,0.53
9941,0.06
10835,0.26
2157,0.03
10976,0.7
7304,0.03
9001,0.09
8510,0.59
11319,0.22
4705,0.06
5835,0.59
12124,0.05
769,0.14
9926,0.11
5681,0.04
11204,0.12
1636,0.17
7048,0.02
4185,0.03
12293,0.2
10656,0.11
523,0.09
10243,0.19
713,0.17
1744,0.09
9018,0.22
11089,0.46
846,0.06
258,0.05
2823,0.13
8141,0.1
1733,0.16
4166,0.74
144,0.17
407,0.72
4432,0.06
4592,0.17
1280,0.93
8677,0.05
6964,0.68
7974,0.72
6450,0.67
10018,0.14
6121,0.63
9058,0.09
4928,0.04
6643,0.66
881,0.37
6779,0.05
2368,0.33
1308,0.07
7461,0.37
52,0.04
1128,0.08
5932,0.06
6455,0.19
2029,0.79
9308,0.43
3540,0.16
5280,0.19
8272,0.14
2891,0.04
4169,0.07
3041,0.36
5982,0.23
7159,0.2
556,0.57
9124,0.52
9738,0.12
6423,0.35
4811,0.61
4274,0.17
6581,0.05
695,0.82
10127,0.02
7473,0.0
2489,0.65
6508,0.7
12012,0.03
4732,0.03
5824,0.54
12371,0.09
12153,0.13
11263,0.02
9814,0.02
1783,0.34
4780,0.57
855,0.13
7206,0.02
12140,0.12
6837,0.06
8961,0.19
8710,0.61
972,0.02
6541,0.79
9183,0.61
10934,0.17
3016,0.7
6816,0.08
6111,0.57
181,0.13
8262,0.12
8884,0.05
10418,0.12
5648,0.07
12346,0.36
12341,0.03
3211,0.58
11631,0.04
6352,0.57
3334,0.6
955,0.83
6617,0.61
7937,0.12
8122,0.28
7647,0.15
9197,0.19
8083,0.11
11456,0.36
11815,0.72
9852,0.55
6929,0.48
3401,0.02
11527,0.48
10160,0.53
4930,0.1
868,0.13
3390,0.05
6560,0.58
2857,0.3
591,0.01
1948,0.72
22,0.12
37,0.03
6612,0.34
11326,0.04
2680,0.3
10532,0.1
5057,0.07
2017,0.23
3398,0.77
660,0.28
5209,0.07
9748,0.03
2805,0.53
5792,0.01
8325,0.17
592,0.01
11990,0.18
10543,0.05
10707,0.07
12116,0.13
3554,0.03
4748,0.09
6885,0.14
10327,0.05
11768,0.26
8195,0.21
7301,0.1
6069,0.54
4072,0.21
11574,0.57
2322,0.8
9342,0.12
10448,0.52
4461,0.2
4875,0.1
1595,0.31
3919,0.46
949,0.06
760,0.58
333,0.51
7995,0.52
6706,0.43
5640,0.3
6308,0.21
7190,0.18
743,0.15
11466,0.17
227,0.12
10823,0.03
1176,0.09
9624,0.08
9971,0.17
5910,0.01
1716,0.32
10837,0.15
1922,0.61
7202,0.03
10534,0.04
9068,0.01
3475,0.18
1002,0.14
7716,0.2
3660,0.27
10977,0.16
10870,0.04
5228,0.03
11468,0.03
11976,0.29
4098,0.08
4190,0.13
6538,0.67
152,0.46
4344,0.51
1928,0.53
3337,0.35
8733,0.77
1149,0.27
11111,0.5
4683,0.71
7499,0.65
1967,0.12
12242,0.24
10470,0.2
5294,0.17
8848,0.09
9591,0.03
11609,0.66
5546,0.11
9865,0.06
2854,0.02
2580,0.11
712,0.09
8246,0.06
10484,0.01
6275,0.8033333333333332
5404,0.24
7953,0.02
6142,0.0
2444,0.25
6723,0.84
9260,0.05
4640,0.04
295,0.0225
124,0.25
10215,0.12
8028,0.18
1963,0.49
11935,0.21
10895,0.8
11645,0.16
178,0.26
4978,0.47
10947,0.23
1172,0.6
4470,0.2
4219,0.18
2708,0.1
12345,0.64
4823,0.48
6163,0.03
6422,0.07
9651,0.05
1350,0.18
2079,0.03
7792,0.09
7540,0.09
5182,0.09
10688,0.38
2240,0.08
5881,0.03
9847,0.24
9026,0.15
5382,0.02
6576,0.08
7500,0.05
1696,0.04
9937,0.12
3892,0.54
2803,0.35
9997,0.01
7830,0.55
10845,0.01
1017,0.02
4300,0.8
7881,0.2
10016,0.58
1533,0.1
4069,0.15
2166,0.39
8203,0.07
11729,0.11
5381,0.04
1572,0.73
11417,0.12
12235,0.79
2187,0.57
8598,0.48
9070,0.27
12024,0.1
2699,0.85
174,0.75
103,0.38
5615,0.46
5414,0.06
10325,0.02
11543,0.03
12444,0.08
2572,0.58
1086,0.04
1992,0.07
6781,0.12
5637,0.47
8974,0.08
6713,0.71
10156,0.08
9244,0.03
10101,0.12
3859,0.0
9844,0.66
10390,0.03
4367,0.12
3950,0.04
5899,0.16
9307,0.1
2628,0.02
12326,0.64
6719,0.2
6747,0.47
4242,0.51
700,0.03
9187,0.02
1258,0.15
7932,0.69
4407,0.49
3121,0.23
10831,0.05
8994,0.12
2702,0.47
9570,0.23
1623,0.24
3683,0.05
2916,0.09
11368,0.06
4497,0.56
9002,0.045
3235,0.2
9415,0.23
7063,0.06
508,0.12
11475,0.38
10798,0.14
10544,0.09
5011,0.67
2155,0.06
9329,0.2
4675,0.24333333333333332
9940,0.03
9140,0.03
9976,0.23
3359,0.2
247,0.11
2738,0.09
8628,0.03
10350,0.52
4663,0.06
7300,0.56
3865,0.07
11485,0.05
2620,0.26
257,0.31
9375,0.06
11612,0.07
5180,0.12
11561,0.07
8851,0.78
2207,0.26
2671,0.25
12159,0.23
8913,0.13
8441,0.38
9604,0.12
11012,0.77
5776,0.08
6876,0.14
9047,0.49
841,0.24
1240,0.01
5413,0.58
7265,0.05
6851,0.01
10691,0.0
6755,0.14
11376,0.28
2153,0.79
10029,0.15
3601,0.79
7958,0.0
8800,0.53
6462,0.46
11778,0.07
11635,0.1
11085,0.07
6665,0.01
1438,0.02
9024,0.88
235,0.72
6076,0.2
1276,0.39
11286,0.05
465,0.08
7178,0.56
4716,0.01
1757,0.65
4447,0.1
2060,0.07
951,0.16
3402,0.63
11965,0.17
8896,0.09
10801,0.1
10960,0.2
12085,0.12
4608,0.35
2304,0.05
1724,0.34
5778,0.04
3976,0.07
2874,0.19
4249,0.08
11414,0.0
2025,0.09
1786,0.14
3327,0.8
4936,0.05
9116,0.11
774,0.07
1647,0.01
5063,0.21
4972,0.07
6717,0.07
8612,0.13
7825,0.13
9899,0.1
1641,0.07
1976,0.78
120,0.75
8109,0.17
10005,0.41
1080,0.3
5401,0.67
9452,0.0
9821,0.09
4263,0.12
9583,0.26
3642,0.17
9321,0.77
6692,0.56
12120,0.66
8663,0.8
3863,0.04
7797,0.41
9160,0.11
3724,0.12
39,0.09
3096,0.0
4498,0.56
613,0.16
11915,0.42
4869,0.02
5259,0.11
6562,0.78
6772,0.21
7127,0.05
2159,0.22
10267,0.36
1447,0.07
1238,0.14
12203,0.44
11927,0.13
9848,0.56
1470,0.33
10735,0.09
6870,0.19
5512,0.16
8956,0.45
11419,0.08
11495,0.02
6990,0.03
9134,0.09
4283,0.6025
724,0.63
12118,0.56
6553,0.85
6099,0.35
11585,0.1
3452,0.06
8931,0.15
4161,0.015
2499,0.08
1257,0.37
7386,0.12
3300,0.14
10377,0.03
4849,0.21
8816,0.52
3242,0.13
12405,0.05
6805,0.11
10291,0.08
5729,0.08
6363,0.01
999,0.06
10908,0.23
4821,0.63
4670,0.16
7615,0.18
561,0.06
8492,0.53
252,0.15
6258,0.35
625,0.76
5316,0.04
4288,0.13
7440,0.64
1598,0.47216666666666657
6869,0.54
6013,0.55
3948,0.71
10403,0.02
10330,0.05
4238,0.76
4606,0.24
10193,0.0
7398,0.07
8004,0.13
6367,0.18
4707,0.13
10197,0.01
1523,0.23
3783,0.06
11985,0.23
11542,0.36
10517,0.19
2114,0.07
4193,0.07
12215,0.03
4451,0.03
5250,0.04
8748,0.4
3156,0.49
4355,0.06
10094,0.16
11717,0.26
1946,0.0
3448,0.04
1936,0.02
10397,0.07
6492,0.62
10085,0.04
5821,0.52
2601,0.05
3309,0.01
7492,0.04
10561,0.09
2141,0.87
9355,0.01
9099,0.36
7947,0.0
7741,0.06
4508,0.82
5122,0.12
11867,0.58
6225,0.08
3613,0.04
417,0.11
4858,0.25
5560,0.62
1243,0.44
12364,0.04
10939,0.14
5785,0.28
8823,0.59
7262,0.24
1551,0.51
6667,0.47
3332,0.04
3226,0.68
9142,0.56
3725,0.04
8059,0.25
10191,0.03
6294,0.16
10504,0.19
7821,0.78
3455,0.06
7703,0.45
1707,0.19
12081,0.38
12387,0.26
7575,0.07
6097,0.05
5192,0.09
851,0.02
7198,0.01
9139,0.05
11045,0.0
904,0.51
3586,0.04
5593,0.29
9992,0.16
4429,0.1
2644,0.65
9013,0.07
1391,0.1
1654,0.58
9365,0.1
9069,0.62
4763,0.19
8671,0.32
7445,0.09
2120,0.66
2344,0.14
9297,0.26
6698,0.06
3767,0.13
10804,0.03
9765,0.45
2254,0.15
8211,0.2
3069,0.59
2083,0.04
5754,0.53
6852,0.18
4839,0.26
8414,0.03
4762,0.09
10785,0.1
7431,0.075
10339,0.51
10570,0.14
6251,0.16
6073,0.17
5951,0.41
9482,0.22
6687,0.4
199,0.51
11354,0.49
2160,0.24
10589,0.42
6483,0.1
4000,0.11
6224,0.49
2144,0.3
1326,0.56
4382,0.54
3243,0.05
4437,0.05
4824,0.06
4458,0.25
5802,0.625
941,0.09
3658,0.7
1463,0.05
1365,0.0
5000,0.36
300,0.03
10392,0.08
1635,0.21
10295,0.14
5670,0.07
4950,0.04
11759,0.27
8993,0.2
3181,0.65
887,0.77
10869,0.21
3027,0.05
11384,0.38
6047,0.66
5317,0.36
9443,0.06
10130,0.83
11660,0.03
9497,0.06
3191,0.02
3106,0.11
5992,0.09
7339,0.02
5462,0.05
4047,0.1
4423,0.01
10580,0.15
9020,0.08
4236,0.64
10289,0.15
6753,0.07
3071,0.77
5354,0.22
1566,0.19
441,0.06
12026,0.16
8393,0.05
4253,0.2
11736,0.03
6844,0.27
221,0.17
5955,0.18
7068,0.59
8738,0.41
3485,0.10733333333333332
5671,0.26
10431,0.53
3360,0.02
8712,0.25
8644,0.42
2247,0.17
3793,0.13
1791,0.54
2506,0.57
9348,0.09
9649,0.29
4081,0.15
7390,0.02
10404,0.08
657,0.06
876,0.61
6336,0.46
11192,0.81
6912,0.06
3776,0.05
8174,0.54
6490,0.28
8312,0.05
7437,0.01
1057,0.23
4050,0.16
12373,0.4
180,0.22
9963,0.19
6299,0.65
2555,0.18
10512,0.12
5573,0.13
10604,0.16
6682,0.2
8479,0.06
4741,0.0
9871,0.01
1609,0.39
11572,0.23
7565,0.2
12430,0.08
8136,0.12
0,0.05
3876,0.43
4235,0.26
12039,0.13
5219,0.19
2349,0.52
1264,0.65
1519,0.13
79,0.69
2102,0.17
2771,0.12
7119,0.07
3973,0.04
7477,0.69
4225,0.02
10331,0.32
4217,0.05
5213,0.03
9806,0.37
1285,0.44
5803,0.51
8718,0.68
6659,0.41
11900,0.56
5997,0.34
8258,0.03
347,0.05
827,0.08
5341,0.23
3133,0.4
10678,0.03
3326,0.08
11652,0.5
11476,0.58
85,0.46
4326,0.03
3526,0.09
2461,0.11
9761,0.29
11758,0.04
9335,0.73
10737,0.52
7964,0.1
1998,0.04
4212,0.02
12115,0.09
3895,0.04
1802,0.14
8857,0.01
3147,0.87
8739,0.06
6810,0.04
3180,0.0
1582,0.02
2734,0.07
5506,0.18
8084,0.72
11712,0.25
2969,0.69
2855,0.07
10833,0.0
7556,0.08
2183,0.63
2385,0.17
160,0.18
7880,0.14
7381,0.73
4773,0.01
3482,0.22
5397,0.01
5864,0.24
8853,0.89
7258,0.67
7091,0.08
1405,0.3
4436,0.08
5750,0.17
149,0.69
921,0.09333333333333332
2745,0.15
831,0.09
7665,0.34
12111,0.38
9860,0.19
2638,0.85
5914,0.16
777,0.64
9149,0.38
9255,0.55
12288,0.09
3206,0.68
448,0.07
10992,0.06
778,0.05
8627,0.15
3981,0.05
7227,0.01
11506,0.07
3671,0.19
10666,0.05
10186,0.09
10134,0.3
11088,0.05
12147,0.06
6100,0.12
8499,0.24
7699,0.42
1821,0.62
6642,0.44
5668,0.32
9781,0.12
1254,0.1
980,0.0
6118,0.09
6260,0.33
3808,0.08
1738,0.19
8424,0.09
8198,0.08
1748,0.08
4938,0.03
2026,0.23
11374,0.11
9370,0.21
9874,0.43
5741,0.1
5882,0.63
7383,0.56
11250,0.45
2154,0.06
2676,0.11
8747,0.08
7572,0.45
11529,0.04
246,0.71
12194,0.3
7128,0.18
1529,0.57
5055,0.35
5980,0.69
9425,0.18
6140,0.14
656,0.56
10789,0.04
10321,0.01
6965,0.19
641,0.07
2214,0.21
3292,0.63
4159,0.17
8602,0.7
1087,0.71
4644,0.0
948,0.58
2621,0.54
7216,0.65
8745,0.45
4104,0.07
6738,0.11
7915,0.04
11487,0.04
125,0.72
3596,0.23
4049,0.14
892,0.09
1288,0.38
7891,0.32
6711,0.38
9146,0.35
11606,0.1
4353,0.11
2181,0.17
4758,0.0
91,0.78
9914,0.2
11784,0.11
7015,0.24
10168,0.17
798,0.08
6694,0.17
7917,0.22
1436,0.07
5356,0.03
3748,0.03
10957,0.22
6,0.11
1187,0.19
11112,0.17
3801,0.06
10352,0.34
11728,0.52
10337,0.31
1182,0.06
5946,0.25
2310,0.32
1263,0.37
7762,0.65
6001,0.09
11767,0.59
864,0.63
2981,0.08
11902,0.05
2013,0.1
10609,0.5
10638,0.15
3363,0.24
11827,0.06
345,0.22
10521,0.24
11350,0.21
1642,0.36
3212,0.06
6072,0.03
11314,0.335
11966,0.545
1553,0.64
4513,0.32
7151,0.12
9314,0.14
10857,0.01
4204,0.11
11880,0.39
11549,0.03
8494,0.05
9688,0.52
10838,0.07
6901,0.2
3607,0.02
4734,0.81
5934,0.8891666666666665
71,0.12
6888,0.35
6622,0.01
9347,0.3
11434,0.15
12103,0.05
4961,0.23
3493,0.04
216,0.18
4062,0.13
6432,0.47
1975,0.06
6782,0.11
1736,0.03
10471,0.22
9518,0.45
11392,0.02
4889,0.655
11268,0.38
10261,0.1
9188,0.57
12398,0.59
7817,0.39
11982,0.16
2557,0.14
11247,0.29
11155,0.32
5534,0.7
10108,0.17
12340,0.59
4299,0.47
10564,0.27
1616,0.06
680,0.1
525,0.32
7539,0.04
10054,0.1
3984,0.26
11016,0.6
7223,0.42
9776,0.18
5498,0.37
2503,0.1
432,0.4
5064,0.1
2760,0.0
1228,0.19
7064,0.97
9750,0.27
11847,0.03
7051,0.18
6519,0.66
10983,0.47
5400,0.68
5039,0.34
2595,0.13
1421,0.42
9916,0.05
5513,0.11
11890,0.02
9653,0.1
6592,0.17
1089,0.53
1695,0.09
10313,0.3
6274,0.03
8707,0.55
10141,0.14
9359,0.54
2028,0.4
463,0.5383333333333333
3317,0.2
4336,0.01
7617,0.16
6627,0.11
5099,0.02
1007,0.05
1317,0.04
12073,0.65
7148,0.08
2415,0.264
6918,0.28
5094,0.01
12077,0.12
1548,0.3
6254,0.39
11671,0.21
5146,0.04
10093,0.26
2663,0.05
3753,0.74
10578,0.27
8238,0.13
2046,0.48
5398,0.95
2065,0.27
4126,0.04
4960,0.08
3335,0.06
1225,0.8533333333333333
8294,0.0
5683,0.03166666666666666
6691,0.37
2686,0.27
4952,0.21
11516,0.29
11875,0.41
4998,0.1
259,0.1
1278,0.14
2675,0.09
1683,0.51
1947,0.46
12300,0.66
9641,0.03
11888,0.59
6632,0.05
5632,0.48
6277,0.18
10753,0.27
10525,0.1
6583,0.14
1449,0.34
3376,0.13
1183,0.03
11910,0.05
3678,0.04
12092,0.06
6416,0.07
2232,0.17
1670,0.12
9162,0.47
11418,0.66
7472,0.05
1666,0.05
7359,0.21
7309,0.7
10973,0.55
1856,0.4
4073,0.19
4079,0.18
711,0.11
6329,0.03
10818,0.44
11857,0.03
4183,0.19
3773,0.04
12382,0.09
1596,0.1
5544,0.01
5800,0.59
10269,0.07
2583,0.65
5942,0.56
9522,0.61
1734,0.09
11123,0.52
1177,0.13
12308,0.09
1618,0.23
994,0.15
3296,0.06
11607,0.09
969,0.51
2005,0.03
4464,0.08
3140,0.08
5226,0.84
3629,0.24
5820,0.48
1826,0.0
10307,0.04
682,0.07
8806,0.02
3000,0.27
5083,0.28
2000,0.15
1205,0.06
10374,0.68
5885,0.01
8922,0.32
7350,0.07
2230,0.47
3054,0.12
8331,0.78
3932,0.75
1047,0.06
10781,0.03
10730,0.04
11150,0.06
4031,0.17
10799,0.38
8190,0.11
494,0.47116666666666673
200,0.08
1294,0.61
6339,0.11
8767,0.47
6433,0.57
3887,0.19
2815,0.07
4631,0.12
7196,0.17
6177,0.5
6049,0.07
3653,0.37
11472,0.18
7421,0.11
7598,0.01
6094,0.23
31,0.12
717,0.64
2411,0.11
2039,0.15
6633,0.08
11946,0.03
7494,0.18
8706,0.13
4164,0.03
3505,0.13
3371,0.24
5831,0.07
12154,0.05
368,0.2
475,0.22
3867,0.01
2130,0.43
1290,0.13
2438,0.03
7948,0.44
8119,0.1
7669,0.09
10274,0.23
1415,0.18
5489,0.01
7277,0.55
10074,0.05
11785,0.59
9793,0.06
1387,0.05
4342,0.49
7957,0.1
2530,0.05
12176,0.31
3381,0.05
7150,0.21749999999999997
964,0.74
6802,0.26
6988,0.58
11655,0.33
10747,0.69
7750,0.15
5416,0.19
4055,0.16
9625,0.05
10624,0.11
1627,0.33
3260,0.19
5318,0.8
1846,0.15
8489,0.1
5924,0.02
1674,0.27
10305,0.16
10398,0.63
82,0.66
8847,0.01
2021,0.62
1108,0.2
10595,0.1
11658,0.026666666666666665
10608,0.58
7998,0.11
8891,0.03
11876,0.07
1864,0.14
5907,0.12
9650,0.08
6702,0.34
4511,0.08
1107,0.18
11868,0.09
8513,0.14
7160,0.65
2198,0.09
7050,0.02
12123,0.19
9792,0.2
10177,0.3
2701,0.17
7809,0.03
1362,0.65
5995,0.55
9961,0.01
1202,0.85
11401,0.18
5168,0.02
12350,0.37
5795,0.35
11229,0.44
1049,0.3
8485,0.29
8292,0.5
2960,0.12
6884,0.07
5911,0.06
7712,0.12
7030,0.08
380,0.0
8129,0.14
6126,0.0
11557,0.56
6675,0.71
5118,0.29
5159,0.35
10880,0.45
5562,0.73
145,0.09
8318,0.04
1750,0.39
3102,0.27
5904,0.04
4517,0.01
1749,0.65
5772,0.29
9638,0.13
1112,0.31
708,0.34
9386,0.76
4969,0.13
11973,0.15
416,0.35
5872,0.15
10862,0.65
10253,0.02
8860,0.01
6734,0.025
8213,0.39
9846,0.11
6070,0.49
7343,0.11
7641,0.05
9726,0.33
281,0.03
3869,0.15
1586,0.13
1412,0.06
9400,0.08
12427,0.18
11715,0.05
7505,0.38
10031,0.02
2640,0.33
12321,0.05
12294,0.21
2714,0.6
1352,0.79
6314,0.08
