CustomerId,Exited_predict
15601012,0.92
15734762,0.9
15586757,0.12
15590888,0.32
15726087,0.41
15769504,0.14
15801832,0.55
15632826,0.05
15794413,0.08
15677117,0.02
15686999,0.1
15588350,0.42
15713354,0.18
15750772,0.16
15628824,0.14
15631681,0.22
15763218,0.09
15743538,0.03
15807194,0.04
15717231,0.17
15762110,0.04
15638424,0.04
15609804,0.0
15762091,0.37
15614847,0.26
15609299,0.04
15643967,0.22
15701741,0.14
15575409,0.19
15620751,0.04
15712303,0.19
15571305,0.22
15617082,0.06
15734438,0.01
15660422,0.0
15758056,0.0
15647546,0.31
15799932,0.02
15669253,0.05
15591010,0.65
15810711,0.05
15798470,0.75
15668575,0.62
15728829,0.2
15628144,0.17
15777452,0.31
15680421,0.18
15718673,0.12
15735106,0.05
15574072,0.39
15600583,0.09
15658969,0.69
15713378,0.02
15689061,0.16
15655794,0.0
15603203,0.06
15670029,0.0
15744913,0.05
15774630,0.54
15694566,0.19
15650244,0.08
15701376,0.06
15593365,0.07
15603465,0.35
15668889,0.75
15642160,0.16
15608338,0.9
15658577,0.63
15723105,0.16
15661656,0.04
15586970,0.44
15700549,0.08
15669782,0.55
15715939,0.03
15679663,0.03
15754168,0.34
15638068,0.01
15755722,0.11
15580068,0.01
15737647,0.62
15624595,0.17
15697270,0.1
15588449,0.11
15696744,0.13
15759456,0.07
15606133,0.02
15779182,0.66
15732281,0.32
15590810,0.56
15700325,0.04
15681220,0.05
15609676,0.12
15699523,0.75
15691647,0.03
15722611,0.58
15678427,0.08
15756824,0.45
15578747,0.03
15727811,0.76
15702337,0.0
15571476,0.15
15682639,0.01
15804864,0.02
15626156,0.05
15808389,0.17
15568573,0.74
15630641,0.16
15617507,0.05
15743456,0.12
15668347,0.0
15661936,0.2
15777067,0.24
15789753,0.08
15677871,0.06
15659475,0.12
15720338,0.12
15720110,0.08
15730394,0.17
15743673,0.03
15681705,0.0
15745030,0.29
15668032,0.08
15726960,0.02
15672756,0.05
15762928,0.39
15707011,0.38
15681671,0.12
15772781,0.81
15575410,0.17
15646082,0.14
15807433,0.18
15766575,0.75
15660316,0.26
15776518,0.31
15773779,0.26
15666163,0.17
15680706,0.62
15771442,0.05
15687270,0.17
15702566,0.0
15796370,0.08
15624293,0.41
15603135,0.77
15725679,0.64
15586880,0.24
15638803,0.07
15691875,0.27
15607874,0.02
15641389,0.38
15783477,0.37
15725039,0.02
15580203,0.11
15650432,0.18
15698786,0.25
15691483,0.03
15726490,0.21
15612832,0.01
15681316,0.1
15626710,0.04
15692575,0.13
15573452,0.51
15765375,0.53
15768387,0.02
15752885,0.24
15698619,0.0
15670427,0.14
15686743,0.02
15636634,0.12
15712930,0.11
15690589,0.31
15776047,0.05
15778157,0.1
15611644,0.17
15768530,0.02
15688713,0.26
15632521,0.51
15581620,0.24
15627881,0.01
15712813,0.86
15620735,0.12
15583067,0.07
15743076,0.02
15754569,0.02
15653620,0.1
15597394,0.06
15776733,0.35
15583764,0.2
15632503,0.05
15671322,0.2
15756301,0.11
15730793,0.51
15806941,0.18
15759317,0.06
15749807,0.05
15620832,0.12
15715078,0.03
15802207,0.28
15572050,0.75
15803078,0.02
15677087,0.14
15569641,0.51
15799635,0.76
15605276,0.03
15620323,0.18
15791302,0.0
15667633,0.15
15619898,0.21
15634375,0.06
15602043,0.47
15786215,0.45
15593773,0.01
15813163,0.31
15613463,0.34
15773503,0.01
15698324,0.04
15742504,0.01
15686461,0.1
15606115,0.4
15751774,0.25
15670345,0.36
15806486,0.31
15755642,0.02
15801934,0.08
15807593,0.39
15784687,0.06
15624596,0.04
15631359,0.12
15748473,0.02
15687094,0.05
15754342,0.43
15602841,0.07
15698716,0.67
15602797,0.88
15566380,0.08
15767358,0.39
15580252,0.15
15779904,0.01
15724623,0.24
15615096,0.03
15640161,0.17
15594651,0.02
15685829,0.0
15769110,0.28
15663134,0.06
15594720,0.14
15711572,0.17
15713479,0.0
15602479,0.01
15751912,0.01
15807473,0.0
15572461,0.11
15742091,0.35
15795224,0.21
15701109,0.21
15568006,0.88
15683618,0.04
15603378,0.05
15751167,0.04
15747677,0.11
15662532,0.23
15581036,0.18
15709523,0.15
15674929,0.08
15723851,0.2
15594340,0.24
15766205,0.22
15700772,0.1
15754267,0.14
15783019,0.89
15759684,0.2
15758836,0.02
15798737,0.0
15624423,0.08
15798256,0.21
15812197,0.19
15672754,0.28
15813095,0.0
15696900,0.08
15632899,0.15
15574012,0.17
15797686,0.09
15698028,0.04
15681332,0.33
15622631,0.29
15644103,0.11
15749114,0.02
15744368,0.22
15625080,0.87
15715541,0.45
15646196,0.27
15570299,0.14
15715532,0.1
15645569,0.09
15571081,0.33
15700752,0.0
15737025,0.44
15752912,0.01
15647975,0.16
15599211,0.04
15720820,0.06
15714260,0.04
15723858,0.02
15624611,0.04
15585907,0.12
15592773,0.86
15601569,0.31
15617401,0.08
15585255,0.3
15768816,0.39
15625586,0.02
15740345,0.25
15719991,0.71
15626795,0.25
15639049,0.05
15656322,0.09
15678572,0.04
15734058,0.15
15744789,0.21
15570002,0.94
15792868,0.46
15733964,0.24
15604782,0.3
15693200,0.02
15638882,0.69
15783225,0.68
15653547,0.41
15570073,0.48
15778604,0.22
15692977,0.19
15746594,0.06
15616922,0.05
15585133,0.14
15676909,0.1
15814940,0.04
15790782,0.19
15794560,0.61
15678882,0.32
15668767,0.18
15698927,0.04
15738042,0.01
15693904,0.05
15708228,0.27
15581893,0.19
15696826,0.09
15657829,0.15
15800049,0.19
15581198,0.71
15757632,0.3
15598751,0.79
15778934,0.13
15729515,0.06
15651140,0.18
15600258,0.02
15790336,0.05
15657321,0.1
15617348,0.1
15630413,0.05
15622321,0.15
15709653,0.0
15767594,0.04
15656707,0.1
15676835,0.05
15804075,0.22
15655082,0.85
15570769,0.19
15741643,0.14
15576111,0.32
15747208,0.54
15591607,0.11
15673907,0.0
15731755,0.25
15667889,0.01
15693381,0.02
15603247,0.21
15611947,0.09
15743193,0.0
15722758,0.02
15738751,0.39
15613085,0.12
15801473,0.09
15624892,0.12
15771855,0.0
15616451,0.26
15653776,0.79
15792305,0.88
15677955,0.32
15752097,0.12
15702561,0.03
15811970,0.15
15580912,0.04
15636105,0.06
15711219,0.33
15719931,0.02
15617304,0.01
15626008,0.68
15649744,0.25
15577064,0.08
15694376,0.83
15730360,0.01
15754952,0.5
15728480,0.03
15802501,0.13
15595426,0.12
15731815,0.82
15654156,0.13
15808526,0.44
15667632,0.1
15811589,0.06
15600879,0.32
15633854,0.02
15765311,0.11
15769902,0.01
15738835,0.14
15690440,0.08
15568982,0.0
15592091,0.02
15753969,0.15
15702434,0.02
15767391,0.06
15720155,0.2
15812850,0.07
15783589,0.0
15790958,0.0
15610383,0.88
15703394,0.01
15679813,0.08
15653347,0.66
15641688,0.12
15609735,0.4
15618950,0.0
15636982,0.29
15778975,0.74
15683562,0.02
15718454,0.16
15803136,0.43
15669490,0.06
15611961,0.01
15577988,0.13
15621267,0.05
15809837,0.42
15721181,0.08
15773591,0.1
15638871,0.09
15725882,0.23
15727868,0.09
15720134,0.1
15804002,0.02
15723827,0.05
15737047,0.48
15789955,0.62
15706116,0.28
15575679,0.07
15782778,0.12
15714658,0.01
15708650,0.05
15713912,0.33
15644280,0.15
15737133,0.18
15752626,0.06
15789563,0.54
15632280,0.8
15636541,0.22
15684318,0.27
15708212,0.76
15576641,0.16
15663939,0.23
15641110,0.22
15748608,0.31
15742028,0.01
15573888,0.74
15772604,0.1
15599124,0.03
15692291,0.28
15727138,0.09
15776824,0.2
15774104,0.01
15809286,0.07
15754577,0.68
15805104,0.06
15596175,0.21
15806546,0.34
15731865,0.02
15623695,0.03
15613427,0.53
15707114,0.03
15687903,0.01
15746035,0.11
15705735,0.03
15675964,0.3
15620756,0.58
15647301,0.44
15762745,0.1
15685628,0.0
15633233,0.58
15683657,0.07
15803032,0.3
15764237,0.03
15767871,0.11
15812184,0.21
15775235,0.15
15778368,0.86
15609160,0.0
15660505,0.83
15654964,0.49
15777958,0.0
15797194,0.04
15659305,0.07
15771417,0.21
15603216,0.01
15662578,0.23
15787825,0.18
15688876,0.0
15690452,0.74
15738672,0.16
15640905,0.19
15576313,0.14
15580579,0.3
15734588,0.02
15756655,0.01
15595537,0.43
15666652,0.06
15660200,0.0
15733460,0.01
15765415,0.27
15721207,0.52
15742834,0.39
15594039,0.02
15707968,0.04
15812616,0.62
15813159,0.5
15808905,0.06
15735346,0.29
15746258,0.05
15709252,0.09
15629002,0.05
15591932,0.06
15582090,0.41
15684868,0.9
15765048,0.0
15570859,0.06
15814267,0.07
15736043,0.02
15720943,0.45
15640418,0.34
15656096,0.05
15749688,0.0
15807120,0.4
15614813,0.68
15630511,0.03
15622117,0.03
15605284,0.01
15778154,0.81
15649112,0.2
15737795,0.14
15572294,0.11
15751561,0.78
15788291,0.17
15709511,0.0
15573112,0.09
15738936,0.1
15625445,0.04
15680685,0.04
15687477,0.16
15750574,0.05
15670738,0.67
15742798,0.13
15734044,0.1
15649414,0.23
15566563,0.12
15727291,0.13
15690153,0.04
15713608,0.18
15613886,0.34
15799811,0.27
15673342,0.03
15656454,0.15
15805637,0.77
15785485,0.24
15665238,0.27
15596624,0.03
15777904,0.04
15596979,0.01
15675380,0.38
15782941,0.05
15774882,0.05
15784301,0.16
15632079,0.27
15602280,0.1
15652700,0.03
15660809,0.04
15586243,0.14
15605263,0.02
15814772,0.6
15597536,0.42
15770631,0.04
15711130,0.15
15657439,0.2
15585777,0.02
15680918,0.0
15617206,0.31
15578835,0.23
15771509,0.23
15622454,0.07
15589312,0.01
15583597,0.18
15761506,0.03
15740442,0.45
15713644,0.02
15774491,0.09
15667392,0.07
15582149,0.07
15682472,0.16
15589431,0.43
15643916,0.36
15624397,0.24
15650454,0.08
15758845,0.1
15674932,0.11
15721116,0.03
15766183,0.24
15798429,0.11
15595917,0.11
15759066,0.34
15792151,0.03
15752081,0.79
15601045,0.11
15588535,0.15
15696859,0.34
15742323,0.01
15732621,0.09
15591628,0.44
15764409,0.04
15574372,0.07
15683375,0.14
15686780,0.21
15656937,0.1
15791040,0.09
15779481,0.08
15596808,0.18
15753102,0.45
15758451,0.44
15792077,0.1
15733705,0.04
15634310,0.03
15623668,0.03
15585249,0.29
15677307,0.29
15631159,0.05
15701908,0.37
15644621,0.27
15665077,0.82
15756820,0.02
15705298,0.19
15620123,0.17
15762543,0.06
15659677,0.36
15686538,0.1
15599074,0.33
15672594,0.79
15695383,0.08
15772250,0.76
15672145,0.12
15697686,0.06
15760861,0.24
15738497,0.25
15636812,0.16
15651664,0.88
15734917,0.11
15569187,0.0
15760244,0.32
15611247,0.11
15694366,0.4
15575430,0.13
15705174,0.23
15616221,0.03
15595136,0.01
15667476,0.28
15622911,0.13
15792922,0.02
15712777,0.15
15689952,0.12
15783875,0.08
15811947,0.09
15638463,0.52
15626578,0.0
15584190,0.0
15799422,0.16
15796910,0.85
15793331,0.03
15766908,0.24
15698031,0.35
15622527,0.48
15615473,0.02
15785373,0.69
15587581,0.17
15773876,0.0
15580956,0.41
15627699,0.08
15808621,0.01
15794142,0.83
15645029,0.05
15608344,0.68
15716431,0.22
15799924,0.34
15603170,0.03
15660571,0.12
15678201,0.57
15593778,0.53
15581626,0.45
15741921,0.15
15730460,0.01
15611171,0.02
15666200,0.04
15586752,0.13
15582404,0.01
15771299,0.26
15767264,0.82
15623521,0.28
15715512,0.11
15706071,0.48
15636860,0.27
15745080,0.13
15810457,0.14
15616270,0.18
15658716,0.67
15735080,0.41
15753895,0.0
15590820,0.12
15576304,0.04
15692142,0.55
15597945,0.03
15789546,0.01
15759690,0.07
15611767,0.88
15765258,0.03
15780220,0.06
15696373,0.21
15700937,0.01
15712584,0.0
15604588,0.16
15723488,0.5
15809309,0.17
15625151,0.26
15642636,0.07
15680643,0.13
15569432,0.05
15777797,0.05
15697567,0.0
15683758,0.14
15605461,0.23
15579706,0.77
15696674,0.5
15676810,0.01
15735719,0.16
15746326,0.1
15751549,0.05
15591123,0.39
15732299,0.53
15660390,0.01
15605622,0.02
15687130,0.37
15742638,0.01
15759874,0.33
15618245,0.09
15654457,0.44
15665784,0.04
15698285,0.11
15626628,0.04
15569364,0.03
15659656,0.05
15624072,0.02
15775294,0.04
15671789,0.02
15647807,0.19
15661412,0.21
15736963,0.02
15569626,0.05
15655410,0.52
15654700,0.19
15714750,0.23
15616931,0.17
15620344,0.07
15743617,0.65
15705383,0.02
15639217,0.04
15650488,0.31
15714380,0.03
15753092,0.15
15803764,0.0
15676869,0.01
15622532,0.2
15735687,0.08
15648989,0.17
15582180,0.03
15617648,0.09
15715769,0.0
15701333,0.09
15580560,0.25
15614054,0.0
15682890,0.07
15584930,0.24
15723481,0.04
15687658,0.47
15792329,0.11
15722409,0.2
15724889,0.06
15776229,0.12
15713853,0.22
15621457,0.18
15775306,0.68
15760774,0.08
15569266,0.11
15716608,0.42
15716024,0.04
15654074,0.06
15755225,0.02
15776545,0.17
15790564,0.15
15746065,0.06
15773039,0.23
15620988,0.15
15596870,0.77
15628272,0.23
15753831,0.04
15723318,0.79
15616954,0.09
15600106,0.0
15715031,0.02
15687607,0.08
15734987,0.15
15662243,0.49
15638494,0.43
15581479,0.05
15751926,0.21
15649992,0.12
15575417,0.3
15670587,0.22
15732987,0.35
15703707,0.25
15602030,0.09
15569595,0.74
15603565,0.82
15625023,0.2
15775888,0.11
15782404,0.17
15643330,0.0
15802570,0.27
15690021,0.46
15673570,0.01
15750299,0.01
15685844,0.32
15582847,0.01
15649379,0.09
15708003,0.39
15662483,0.05
15687431,0.06
15793042,0.03
15666173,0.08
15815530,0.55
15578865,0.66
15777504,0.03
15567630,0.34
15812040,0.21
15573851,0.36
15642022,0.04
15579566,0.28
15698321,0.0
15637522,0.19
15665438,0.15
15761692,0.03
15709737,0.03
15573741,0.07
15750837,0.5
15718588,0.11
15752508,0.06
15656176,0.13
15764195,0.08
15735221,0.11
15605279,0.68
15642098,0.15
15766288,0.18
15666975,0.2
15759133,0.37
15780514,0.14
15749947,0.04
15717398,0.18
15790299,0.43
15625395,0.02
15705663,0.29
15746341,0.0
15765537,0.06
15771728,0.81
15580249,0.44
15594305,0.04
15721460,0.73
15803941,0.29
15772262,0.18
15571302,0.27
15719276,0.15
15576256,0.0
15756918,0.08
15636935,0.02
15751333,0.03
15773221,0.36
15616929,0.28
15614643,0.15
15569807,0.14
15675787,0.04
15736879,0.01
15642162,0.27
15784209,0.62
15616833,0.01
15625632,0.02
15734202,0.68
15658956,0.06
15808689,0.02
15595037,0.37
15800295,0.12
15611682,0.06
15637354,0.04
15811565,0.31
15703059,0.58
15795640,0.13
15632010,0.05
15615207,0.33
15756848,0.18
15723263,0.13
15659094,0.22
15729970,0.06
15725776,0.22
15689661,0.03
15746708,0.9
15596074,0.07
15596165,0.07
15778142,0.14
15624180,0.9
15591357,0.37
15686885,0.2
15808851,0.3
15635728,0.04
15807335,0.07
15586135,0.18
15623346,0.05
15733876,0.02
15646566,0.66
15809320,0.86
15694644,0.42
15589195,0.39
15689751,0.29
15654211,0.13
15663386,0.02
15657779,0.15
15705639,0.03
15697424,0.03
15580366,0.3
15653275,0.62
15591740,0.14
15605698,0.7
15688264,0.15
15598266,0.11
15580493,0.08
15758048,0.33
15623566,0.09
15799534,0.3
15756668,0.02
15722246,0.59
15633274,0.12
15806420,0.03
15662751,0.31
15704014,0.04
15646594,0.12
15736069,0.27
15805413,0.07
15657812,0.14
15587177,0.05
15775307,0.15
15758726,0.09
15651943,0.16
15811177,0.2
15570485,0.11
15767793,0.15
15608916,0.04
15668009,0.03
15731463,0.47
15679884,0.8
15610781,0.2
15720929,0.8
15780432,0.01
15750396,0.02
15760121,0.12
15811026,0.08
15647570,0.71
15707918,0.3
15621021,0.14
15778290,0.23
15731553,0.04
15690332,0.2
15672152,0.23
15810845,0.06
15640846,0.89
15775750,0.09
15721719,0.02
15701768,0.04
15742269,0.05
15568748,0.27
15619699,0.43
15647402,0.0
15632118,0.52
15613673,0.21
15636595,0.03
15594502,0.06
15794137,0.19
15731327,0.04
15735968,0.0
15669987,0.3
15635502,0.32
15605020,0.19
15571928,0.73
15806880,0.16
15722599,0.32
15642291,0.01
15776850,0.16
15638269,0.05
15632344,0.13
15738516,0.52
15620746,0.31
15701687,0.7
15811594,0.09
15630195,0.2
15787835,0.24
15603883,0.01
15624793,0.17
15611759,0.21
15801417,0.07
15588859,0.49
15689786,0.63
15772528,0.17
15808044,0.82
15629244,0.24
15696506,0.2
15657228,0.07
15665811,0.02
15575428,0.1
15737782,0.07
15588019,0.34
15634815,0.1
15645572,0.35
15657349,0.88
15771569,0.5
15568819,0.82
15618661,0.03
15811032,0.15
15567437,0.16
15815125,0.16
15593250,0.04
15745201,0.08
15593094,0.12
15656426,0.16
15657386,0.22
15590097,0.17
15643439,0.28
15702464,0.06
15734628,0.03
15812607,0.32
15750545,0.68
15682547,0.03
15672053,0.0
15764314,0.17
15761783,0.1
15758606,0.58
15779247,0.2
15588090,0.71
15724423,0.08
15687913,0.32
15705899,0.1
15766172,0.04
15679075,0.05
15695097,0.2
15672374,0.66
15724890,0.07
15636069,0.33
15621815,0.19
15667944,0.03
15745804,0.01
15701291,0.08
15644977,0.04
15619708,0.02
15621893,0.15
15654456,0.66
15756743,0.12
15748854,0.15
15590683,0.14
15770406,0.23
15723856,0.02
15787026,0.05
15769522,0.27
15812720,0.08
15570932,0.09
15789936,0.03
15580043,0.19
15569050,0.43
15608541,0.31
15589666,0.21
15633531,0.21
15637366,0.02
15569878,0.06
15588622,0.05
15629603,0.01
15808334,0.15
15646817,0.28
15732963,0.02
15797960,0.87
15589793,0.4
15783276,0.03
15814750,0.0
15801411,0.49
15801152,0.18
15604196,0.08
15609558,0.3
15717962,0.29
15659327,0.44
15699507,0.03
15782468,0.13
15578251,0.12
15721383,0.0
15743153,0.23
15593331,0.15
15684548,0.14
15679200,0.05
15766906,0.04
15790448,0.17
15790689,0.06
15775082,0.08
15610042,0.08
15670266,0.19
15751180,0.23
15783463,0.03
15755084,0.03
15748327,0.14
15648075,0.54
15626608,0.52
15681924,0.12
15578098,0.0
15660429,0.29
15722701,0.07
15684296,0.02
15610419,0.07
15570533,0.47
15737748,0.33
15737909,0.16
15810347,0.01
15628112,0.21
15634936,0.14
15774872,0.02
15746199,0.17
15681068,0.26
15658987,0.16
15624068,0.15
15780989,0.19
15803337,0.08
15715465,0.22
15629739,0.23
15632736,0.04
15774277,0.07
15600734,0.19
15675316,0.07
15612966,0.3
15641007,0.02
15656829,0.02
15738605,0.45
15612769,0.06
15623828,0.04
15791006,0.13
15633950,0.12
15576196,0.39
15796074,0.06
15596303,0.04
15606273,0.01
15703563,0.05
15636353,0.03
15684103,0.06
15740487,0.67
15660535,0.05
15794661,0.03
15585041,0.01
15649858,0.11
15677377,0.03
15762198,0.02
15675360,0.2
15697035,0.07
15750970,0.15
15617982,0.19
15761986,0.21
15567919,0.0
15718369,0.18
15786800,0.7
15704340,0.36
15631709,0.1
15658211,0.03
15631603,0.04
15680772,0.01
15636590,0.03
15755863,0.21
15608968,0.09
15608406,0.03
15652883,0.28
15812518,0.12
15780805,0.0
15737571,0.07
15780870,0.14
15751193,0.0
15704763,0.23
15625522,0.0
15800814,0.04
15680405,0.12
15642655,0.09
15619935,0.29
15785367,0.82
15633866,0.17
15814331,0.26
15806134,0.04
15594133,0.82
15756932,0.0
15734578,0.39
15796838,0.27
15659100,0.03
15799300,0.3
15686957,0.1
15596811,0.08
15639368,0.1
15594436,0.04
15702919,0.08
15691823,0.05
15625916,0.07
15793070,0.11
15608114,0.13
15655859,0.08
15591942,0.21
15764892,0.26
15611325,0.06
15581548,0.12
15716984,0.61
15592078,0.17
15692750,0.83
15801296,0.3
15708265,0.24
15799859,0.47
15766552,0.0
15680970,0.35
15632669,0.0
15667289,0.17
15595162,0.32
15622833,0.16
15670866,0.01
15810593,0.72
15811486,0.12
15810660,0.08
15621210,0.44
15724863,0.68
15776936,0.15
15768193,0.02
15770474,0.26
15719898,0.14
15589496,0.02
15698349,0.01
15632551,0.18
15807163,0.12
15789714,0.05
15586174,0.17
15716134,0.18
15574369,0.31
15723153,0.02
15773709,0.08
15585198,0.12
15566251,0.15
15709295,0.01
15597610,0.02
15707078,0.33
15571689,0.12
15632665,0.55
15775192,0.76
15800031,0.07
15607526,0.96
15707602,0.26
15769955,0.08
15594862,0.01
15627298,0.01
15715597,0.13
15756475,0.05
15767681,0.04
15609254,0.23
15789557,0.19
15710928,0.51
15756871,0.1
15725509,0.02
15570629,0.26
15731478,0.48
15723320,0.09
15758031,0.02
15802060,0.14
15645815,0.03
15723169,0.17
15599722,0.22
15623595,0.01
15748718,0.01
15768777,0.01
15684908,0.41
15676156,0.01
15660144,0.01
15646374,0.05
15712938,0.04
15789874,0.11
15586300,0.05
15589924,0.08
15773906,0.0
15811773,0.01
15588235,0.13
15690829,0.61
15733616,0.09
15672082,0.59
15659399,0.33
15795149,0.01
15775892,0.36
15710012,0.14
15612418,0.04
15707120,0.43
15599289,0.25
15586069,0.05
15744044,0.65
15764419,0.03
15695632,0.12
15772995,0.01
15689168,0.01
15752601,0.05
15759741,0.14
15652658,0.07
15718242,0.9
15763256,0.6
15735358,0.19
15766741,0.01
15801265,0.47
15815690,0.1
15624715,0.4
15760550,0.08
15772632,0.02
15794895,0.03
15766066,0.48
15653315,0.01
15806570,0.95
15717560,0.46
15568469,0.09
15791877,0.07
15677785,0.0
15602034,0.16
15627185,0.09
15700965,0.01
15697283,0.02
15645593,0.11
15796764,0.79
15714046,0.01
15572626,0.03
15572021,0.08
15667932,0.11
15774098,0.03
15804586,0.64
15780212,0.28
15687079,0.52
15792107,0.16
15588701,0.0
15614103,0.34
15603846,0.01
15677305,0.09
15593601,0.01
15699294,0.0
15709117,0.28
15668104,0.03
15746674,0.5
15722061,0.19
15694272,0.01
15607330,0.1
15781272,0.83
15572706,0.12
15799998,0.2
15600392,0.2
15741181,0.04
15720649,0.13
15785024,0.51
15682839,0.44
15798605,0.05
15792607,0.01
15733111,0.01
15730469,0.02
15655648,0.02
15792934,0.03
15710456,0.03
15733032,0.01
15723706,0.05
15712596,0.11
15565796,0.72
15805025,0.27
15752984,0.13
15739271,0.21
15777826,0.0
15728693,0.29
15760090,0.03
15691170,0.1
15812982,0.15
15646091,0.33
15637315,0.12
15682618,0.08
15813503,0.03
15706223,0.02
15655368,0.42
15692430,0.06
15615457,0.26
15712287,0.08
15769783,0.29
15632816,0.51
15685576,0.02
15661821,0.63
15608528,0.71
15738318,0.12
15649060,0.05
15789611,0.71
15602851,0.23
15768887,0.02
15696301,0.19
15729412,0.05
15742607,0.15
15751057,0.23
15763898,0.23
15757537,0.0
15614893,0.21
15731330,0.26
15808223,0.05
15581526,0.03
15644179,0.0
15647800,0.13
15633586,0.09
15813659,0.92
15684294,0.13
15768104,0.24
15718852,0.23
15632345,0.06
15774510,0.17
15789339,0.15
15688157,0.11
15645248,0.09
15780038,0.09
15566467,0.09
15639788,0.06
15727059,0.12
15734005,0.06
15664311,0.05
15810942,0.42
15800961,0.21
15777179,0.01
15792729,0.14
15734737,0.07
15788442,0.36
15586914,0.0
15638513,0.21
15723654,0.06
15688498,0.1
15708513,0.26
15586133,0.83
15730287,0.78
15576774,0.07
15624437,0.08
15631063,0.06
15619116,0.05
15662263,0.09
15737542,0.31
15648702,0.28
15740072,0.07
15643574,0.0
15589739,0.16
15571148,0.13
15665956,0.7
15801701,0.01
15720529,0.02
15637650,0.33
15748920,0.13
15705352,0.0
15804862,0.5
15657868,0.4
15576745,0.41
15683841,0.1
15757140,0.43
15677049,0.06
15645772,0.01
15653572,0.12
15801863,0.04
15735388,0.05
15692671,0.02
15708048,0.06
15612109,0.03
15754605,0.02
15653065,0.08
15797900,0.62
15653773,0.3
15623143,0.1
15596992,0.39
15776156,0.03
15790659,0.05
15603096,0.16
15778897,0.02
15752137,0.03
15681402,0.33
15709451,0.06
15612092,0.28
15637876,0.22
15617419,0.03
15623858,0.48
15578073,0.01
15703119,0.0
15660866,0.06
15813590,0.0
15807568,0.23
15574761,0.07
15646168,0.03
15704315,0.08
15779176,0.84
15748381,0.17
15592707,0.22
15621031,0.0
15619045,0.1
15680197,0.03
15606944,0.54
15636388,0.21
15654673,0.54
15739692,0.04
15589200,0.01
15811236,0.03
15692761,0.11
15567893,0.1
15612350,0.38
15776096,0.04
15677828,0.05
15645637,0.28
15632977,0.1
15595221,0.26
15600974,0.66
15725141,0.19
15716491,0.2
15796721,0.01
15611189,0.27
15599152,0.1
15795881,0.01
15749851,0.01
15662426,0.07
15590676,0.02
15707144,0.11
15745623,0.02
15603134,0.36
15572093,0.1
15605072,0.24
15736510,0.88
15654870,0.17
15759566,0.04
15639665,0.08
15780498,0.08
15576928,0.36
15634950,0.34
15665695,0.13
15654506,0.01
15651983,0.54
15637235,0.0
15583221,0.2
15783526,0.07
15796343,0.11
15658614,0.22
15786739,0.05
15618647,0.02
15650538,0.69
15612594,0.01
15656029,0.0
15672357,0.01
15588080,0.82
15672610,0.09
15595039,0.34
15574480,0.08
15714080,0.17
15738063,0.0
15662189,0.19
15715673,0.67
15722072,0.28
15721024,0.02
15700383,0.04
15788634,0.12
15617657,0.13
15733229,0.1
15741417,0.14
15794493,0.03
15583580,0.51
15667460,0.0
15734461,0.12
15775949,0.08
15577831,0.39
15598331,0.37
15787529,0.18
15706131,0.04
15667046,0.11
15627377,0.0
15588923,0.05
15628999,0.2
15799480,0.04
15574352,0.21
15589869,0.25
15779529,0.03
15756150,0.09
15666297,0.88
15584156,0.36
15612633,0.19
15812230,0.84
15663706,0.32
15724858,0.76
15613180,0.15
15583552,0.48
15738291,0.16
15807989,0.08
15661629,0.05
15690546,0.76
15681956,0.01
15633546,0.1
15673591,0.84
15587311,0.02
15675585,0.12
15666548,0.85
15589348,0.03
15748936,0.05
15651389,0.04
15770543,0.22
15704168,0.33
15759913,0.05
15806837,0.3
15639303,0.57
15607275,0.3
15721504,0.06
15627027,0.0
15800515,0.05
15784042,0.29
15758685,0.02
15581840,0.01
15570990,0.29
15684319,0.28
15782219,0.0
15668958,0.01
15801994,0.0
15765093,0.02
15570855,0.01
15758939,0.15
15574743,0.07
15815095,0.58
15658504,0.21
15797736,0.06
15693326,0.17
15733138,0.13
15769818,0.6
15710424,0.22
15756975,0.09
15700424,0.04
15574169,0.38
15783083,0.02
15650026,0.08
15614687,0.22
15585490,0.09
15798521,0.02
15785869,0.02
15598338,0.04
15790678,0.12
15611105,0.02
15763544,0.06
15580845,0.47
15610403,0.31
15764444,0.18
15690540,0.29
15794278,0.14
15628600,0.49
15703143,0.23
15633194,0.83
15587562,0.15
15591822,0.14
15665416,0.14
15774857,0.0
15806913,0.29
15730738,0.0
15769980,0.26
15770567,0.07
15788224,0.81
15632472,0.18
15699309,0.23
15710408,0.05
15670755,0.02
15591577,0.05
15699047,0.06
15774931,0.07
15618391,0.0
15780144,0.16
15802483,0.01
15736769,0.01
15788536,0.19
15641662,0.17
15754599,0.05
15688963,0.5
15706464,0.07
15675888,0.07
15730418,0.02
15807525,0.11
15815615,0.1
15673599,0.02
15717498,0.01
15701605,0.23
15583049,0.29
15795246,0.29
15700540,0.33
15578788,0.05
15800703,0.15
15624744,0.62
15771702,0.1
15734565,0.01
15667134,0.11
15710053,0.28
15566531,0.02
15658449,0.33
15744843,0.36
15626385,0.06
15801436,0.21
15712264,0.25
15693771,0.49
15568953,0.08
15815552,0.17
15711062,0.04
15679991,0.08
15725762,0.05
15624623,0.02
15704509,0.04
15694995,0.02
15694717,0.15
15745088,0.21
15633612,0.04
15702298,0.38
15687626,0.01
15769191,0.24
15744109,0.07
15717995,0.03
15626322,0.22
15584320,0.28
15568595,0.34
15759381,0.18
15738588,0.41
15623499,0.93
15708505,0.06
15590327,0.55
15607065,0.1
15685300,0.03
15722479,0.04
15717156,0.08
15601383,0.36
15732674,0.05
15703763,0.05
15684861,0.05
15752507,0.64
15770424,0.12
15794875,0.02
15720687,0.34
15724466,0.26
15600086,0.19
15799641,0.05
15666633,0.05
15719606,0.27
15798964,0.11
15604314,0.37
15588566,0.03
15757001,0.0
15645717,0.14
15779886,0.0
15759717,0.17
15650266,0.09
15604497,0.46
15764294,0.08
15813741,0.19
15624633,0.24
15795586,0.17
15765520,0.23
15762682,0.13
15606386,0.79
15657105,0.23
15812766,0.08
15646513,0.38
15788068,0.8
15569764,0.3
15657830,0.08
15742009,0.17
15745307,0.27
15723786,0.03
15774551,0.03
15712536,0.03
15613048,0.38
15791958,0.11
15694395,0.09
15707974,0.26
15616676,0.12
15628274,0.07
15736431,0.0
15577313,0.24
15596228,0.03
15779174,0.06
15810167,0.23
15735330,0.11
15696120,0.04
15743478,0.02
15695103,0.0
15572792,0.02
15646558,0.39
15749905,0.81
15711028,0.65
15763806,0.05
15792986,0.18
15617934,0.05
15616859,0.85
15763683,0.12
15803538,0.81
15601589,0.2
15709917,0.39
15690695,0.03
15755648,0.06
15591047,0.32
15745452,0.58
15811613,0.14
15686345,0.01
15631333,0.16
15792328,0.32
15572728,0.06
15623450,0.24
15597591,0.04
15641004,0.41
15798385,0.14
15631436,0.1
15584338,0.09
15774166,0.07
15740494,0.05
15760568,0.13
15764841,0.14
15714877,0.09
15630920,0.1
15648766,0.1
15697042,0.16
15617603,0.1
15739972,0.76
15720636,0.28
15658240,0.27
15763704,0.22
15588955,0.81
15611973,0.05
15670859,0.32
15809999,0.08
15667216,0.03
15597109,0.18
15729975,0.39
15805449,0.0
15761076,0.02
15758171,0.19
15804610,0.08
15659064,0.0
15731543,0.22
15607347,0.19
15668270,0.36
15739576,0.03
15782100,0.05
15719377,0.7
15603925,0.2
15698167,0.14
15738088,0.53
15682686,0.03
15704583,0.97
15766272,0.59
15591150,0.0
15692583,0.04
15675794,0.48
15584967,0.02
15804357,0.2
15773017,0.01
15589437,0.12
15785611,0.17
15599956,0.01
15599329,0.85
15730540,0.32
15746012,0.12
15706729,0.03
15595557,0.02
15639077,0.74
15592751,0.73
15733247,0.24
15715888,0.05
15589210,0.16
15659031,0.12
15622658,0.1
15797246,0.08
15641877,0.32
15808473,0.08
15796993,0.34
15719090,0.07
15726814,0.11
15627859,0.18
15716276,0.12
15741197,0.23
15669946,0.43
15714493,0.07
15689514,0.53
15686983,0.03
15784320,0.17
15729110,0.1
15630349,0.02
15643229,0.08
15778959,0.07
15760294,0.14
15811927,0.14
15772896,0.43
15663917,0.12
15790630,0.75
15747174,0.17
15753215,0.05
15581811,0.09
15705009,0.82
15674156,0.32
15588928,0.05
15681991,0.07
15787014,0.06
15739248,0.07
15761886,0.06
15589147,0.3
15579345,0.49
15740527,0.57
15806447,0.03
15748691,0.22
15713559,0.09
15710087,0.77
15573628,0.81
15576156,0.36
15573926,0.14
15588517,0.04
15705707,0.16
15703068,0.06
15778696,0.25
15762708,0.26
15810800,0.22
15716781,0.19
15704144,0.03
15751208,0.26
15729377,0.0
15648455,0.79
15631871,0.36
15644572,0.12
15624936,0.05
15662854,0.32
15578374,0.15
15724321,0.85
15703292,0.0
15697360,0.16
15584462,0.13
15730161,0.07
15640106,0.11
15633818,0.01
15618171,0.02
15654296,0.48
15717056,0.14
15669219,0.2
15659234,0.01
15801336,0.35
15778752,0.0
15767339,0.52
15699550,0.01
15593636,0.16
15648178,0.32
15762169,0.11
15750258,0.09
15809100,0.34
15570895,0.28
15604355,0.05
15578297,0.83
15744606,0.08
15612108,0.25
15630363,0.27
15606232,0.08
15710978,0.19
15718912,0.6
15712543,0.07
15671769,0.79
15739292,0.09
15658067,0.83
15758510,0.21
15594898,0.23
15619653,0.67
15578369,0.17
15775891,0.4
15653696,0.04
15635256,0.02
15627000,0.04
15643908,0.54
15681196,0.15
15576723,0.05
15797329,0.28
15648951,0.04
15644119,0.1
15566269,0.0
15727619,0.73
15590434,0.1
15602010,0.46
15601324,0.11
15745250,0.56
15796969,0.01
15687001,0.49
15713770,0.14
15705918,0.01
15619340,0.0
15665759,0.23
15566594,0.03
15786905,0.3
15783659,0.15
15734649,0.75
15705991,0.37
15569410,0.08
15702541,0.88
15615219,0.26
15751943,0.1
15801605,0.1
15587297,0.02
15671387,0.07
15702380,0.04
15801431,0.25
15666095,0.11
15703037,0.12
15662021,0.19
15594577,0.0
15736413,0.01
15628767,0.19
15802857,0.1
15666711,0.77
15679966,0.14
15796111,0.47
15603554,0.8
15776629,0.03
15801062,0.1
15687153,0.77
15756894,0.02
15669175,0.12
15659486,0.2
15613141,0.06
15676707,0.04
15640953,0.04
15751175,0.13
15574783,0.04
15711299,0.52
15748616,0.03
15695846,0.02
15630244,0.21
15715744,0.15
15570360,0.01
15725429,0.04
15592999,0.3
15695197,0.16
15665327,0.16
15592761,0.01
15812832,0.13
15655875,0.01
15806389,0.33
15594612,0.47
15742971,0.07
15604551,0.03
15673984,0.26
15654772,0.17
15797751,0.53
15655574,0.3
15782247,0.44
15702138,0.11
15706552,0.02
15572631,0.07
15794849,0.24
15670889,0.07
15805523,0.03
15741336,0.18
15804009,0.08
15683483,0.03
15706593,0.22
15773456,0.02
15593795,0.84
15710164,0.46
15750055,0.04
15741295,0.1
15723818,0.14
15654183,0.02
15801316,0.47
15732202,0.01
15776921,0.34
15643696,0.16
15625964,0.37
15651272,0.0
15764922,0.25
15807167,0.08
15790254,0.2
15568164,0.06
15797081,0.34
15589019,0.08
15658972,0.24
15712551,0.96
15567923,0.24
15720083,0.03
15611905,0.25
15577970,0.13
15719579,0.1
15662337,0.25
15779915,0.07
15810218,0.32
15651674,0.62
15654390,0.14
15757408,0.72
15722053,0.01
15588450,0.48
15664339,0.52
15601787,0.07
15733888,0.08
15646784,0.13
15700946,0.22
15626114,0.16
15685150,0.14
15684925,0.23
15710138,0.01
15695301,0.23
15775206,0.01
15694288,0.02
15573171,0.21
15613102,0.09
15604304,0.08
15614929,0.15
15757777,0.03
15727384,0.41
15780804,0.36
15578977,0.01
15809906,0.05
15574830,0.67
15791836,0.0
15623357,0.06
15801277,0.06
15579647,0.24
15741875,0.17
15688619,0.19
15665053,0.21
15633944,0.07
15679760,0.23
15583755,0.18
15715638,0.18
15728608,0.07
15737310,0.02
15773322,0.72
15776558,0.01
15683993,0.11
15572415,0.0
15724296,0.05
15795933,0.08
15619972,0.3
15642934,0.29
15609998,0.82
15696834,0.02
15633640,0.7
15707861,0.48
15797219,0.37
15809736,0.52
15711635,0.22
15750099,0.38
15774936,0.22
15771997,0.15
15615091,0.04
15624677,0.29
15704378,0.19
15712903,0.34
15626141,0.04
15785798,0.07
15574331,0.44
15613880,0.32
15649297,0.19
15668629,0.18
15616630,0.18
15622985,0.46
15702715,0.21
15641582,0.2
15762218,0.07
15672481,0.0
15732660,0.17
15609058,0.03
15713346,0.02
15736274,0.01
15664752,0.05
15795186,0.21
15718572,0.18
15620836,0.07
15810878,0.15
15660475,0.56
15733973,0.48
15568328,0.03
15619087,0.36
15592765,0.02
15680736,0.45
15680901,0.01
15679743,0.08
15688085,0.16
15668323,0.28
15618314,0.04
15593694,0.21
15700854,0.14
15620981,0.41
15644878,0.37
15699415,0.47
15799825,0.1
15810978,0.14
15786199,0.11
15583857,0.22
15663441,0.29
15675141,0.13
15625247,0.2
15807269,0.46
15568238,0.02
15649853,0.38
15806967,0.39
15671243,0.26
15567328,0.09
15665783,0.07
15578186,0.36
15670584,0.09
15751131,0.25
15806771,0.05
15762573,0.01
15709639,0.02
15725660,0.21
15619616,0.06
15591169,0.83
15724282,0.16
15761453,0.27
15768201,0.19
15769596,0.16
15750156,0.88
15664506,0.17
15764253,0.09
15659236,0.01
15762277,0.29
15758039,0.03
15758449,0.29
15674398,0.0
15811343,0.82
15803908,0.09
15565714,0.32
15670823,0.79
15648225,0.14
15646302,0.05
15634896,0.08
15694859,0.13
15706185,0.13
15602844,0.19
15720706,0.14
15658929,0.25
15773789,0.18
15593969,0.26
15583212,0.2
15673223,0.04
15770214,0.0
15702175,0.02
15601351,0.11
15655252,0.2
15576935,0.07
15742613,0.21
15690744,0.26
15674637,0.22
15627328,0.03
15706904,0.12
15578546,0.13
15737792,0.29
15792489,0.04
15746802,0.11
15788151,0.05
15741728,0.03
15635752,0.05
15748882,0.0
15800228,0.08
15651336,0.04
15786170,0.03
15623489,0.25
15604818,0.13
15752047,0.05
15591386,0.02
15758477,0.03
15688210,0.18
15711977,0.19
15708162,0.17
15758306,0.0
15777830,0.04
15762855,0.12
15809838,0.17
15638774,0.1
15661974,0.35
15572956,0.04
15724648,0.09
15687540,0.0
15721582,0.22
15755978,0.03
15637977,0.2
15691504,0.79
15798906,0.02
15723873,0.03
15693996,0.22
15567063,0.29
15616240,0.03
15770719,0.18
15725835,0.04
15652180,0.0
15804950,0.05
15681327,0.0
15808780,0.1
15641604,0.73
15788683,0.32
15644699,0.19
15582591,0.32
15611786,0.34
15760825,0.03
15716324,0.09
15591248,0.05
15804064,0.05
15675231,0.09
15637717,0.19
15572073,0.0
15585367,0.9
15615254,0.24
15591711,0.33
15669262,0.13
15724251,0.25
15804787,0.04
15609319,0.07
15723717,0.62
15645463,0.03
15754494,0.16
15795527,0.17
15685826,0.08
15672467,0.15
15815271,0.86
15788183,0.39
15663888,0.02
15629617,0.03
15716236,0.0
15687765,0.31
15619304,0.83
15703177,0.01
15642710,0.0
15690925,0.2
15777033,0.08
15761554,0.39
15640133,0.01
15761713,0.44
15626679,0.01
15801817,0.11
15762793,0.08
15714610,0.03
15724663,0.06
15578878,0.07
15608873,0.67
15704581,0.0
15714057,0.01
15787907,0.84
15700601,0.05
15727489,0.39
15806438,0.35
15614818,0.2
15701175,0.03
15695078,0.0
15749345,0.16
15809823,0.3
15681206,0.55
15782089,0.18
15692931,0.04
15636023,0.37
15713596,0.41
15625759,0.0
15746749,0.04
15584580,0.27
15613734,0.0
15673055,0.02
15803976,0.1
15782144,0.03
15592994,0.12
15808868,0.69
15593736,0.76
15590146,0.22
15711316,0.04
15721462,0.07
15579616,0.18
15729489,0.22
15666270,0.12
15809663,0.03
15664907,0.41
15751137,0.13
15690456,0.1
15589221,0.05
15771383,0.52
15716082,0.18
15762048,0.08
15690134,0.21
15571571,0.61
15782899,0.18
15671139,0.13
15605447,0.48
15672016,0.06
15603942,0.81
15607577,0.03
15706647,0.45
15750407,0.4
15643378,0.15
15739931,0.09
15758750,0.24
15672798,0.38
15735849,0.11
15715877,0.03
15571550,0.09
15676513,0.21
15702300,0.01
15809722,0.09
15636912,0.06
15587596,0.19
15570060,0.15
15688637,0.02
15809124,0.04
15694453,0.08
15678910,0.09
15709780,0.03
15615624,0.04
15656293,0.02
15612071,0.05
15726695,0.19
15762937,0.2
15653857,0.01
15628123,0.06
15772412,0.09
15611058,0.29
15735025,0.07
15659355,0.0
15755868,0.07
15621064,0.07
15617252,0.12
15661626,0.49
15710527,0.22
15674840,0.05
15596972,0.09
15765846,0.17
15644296,0.06
15672132,0.19
15650258,0.16
15613097,0.01
15584620,0.41
15724620,0.01
15713975,0.81
15621409,0.06
15694300,0.0
15671609,0.03
15655464,0.35
15593280,0.3
15684645,0.21
15606855,0.0
15777576,0.13
15707042,0.08
15653404,0.09
15595831,0.42
15718843,0.24
15788659,0.1
15662574,0.1
15589401,0.04
15681026,0.28
15795275,0.47
15774536,0.03
15727353,0.77
15737489,0.58
15704657,0.22
15589018,0.03
15747265,0.13
15803685,0.1
15733597,0.14
15651533,0.77
15741180,0.18
15786463,0.49
15682728,0.04
15582168,0.56
15767064,0.14
15755521,0.22
15584766,0.12
15732884,0.07
15658057,0.6
15815070,0.39
15800215,0.0
15746902,0.01
15605916,0.87
15665963,0.07
15621834,0.17
15723411,0.07
15767488,0.02
15592412,0.67
15654230,0.21
15577178,0.4
15722902,0.5
15762803,0.0
15603683,0.21
15600724,0.29
15659710,0.06
15670492,0.0
15793346,0.03
15655274,0.0
15777211,0.2
15801169,0.48
15667462,0.05
15805704,0.46
15677123,0.0
15701972,0.03
15727421,0.01
15607746,0.1
15596405,0.04
15591698,0.74
15683027,0.0
15572038,0.51
15727391,0.06
15666675,0.11
15611157,0.07
15688849,0.85
15663933,0.06
15788494,0.04
15654106,0.08
15724536,0.03
15744717,0.16
15588406,0.02
15693264,0.01
15683416,0.85
15694765,0.78
15661036,0.05
15786717,0.0
15701121,0.04
15715643,0.0
15647725,0.9
15636872,0.14
15754849,0.04
15664881,0.06
15694129,0.27
15593782,0.77
15666823,0.17
15605684,0.06
15716994,0.14
15773723,0.18
15587978,0.2
15654760,0.04
15673238,0.66
15780140,0.07
15607598,0.01
15671514,0.12
15770498,0.1
15744983,0.2
15744046,0.01
15577170,0.19
15654372,0.12
15678210,0.03
15760431,0.0
15686913,0.06
15793455,0.87
15636767,0.27
15790744,0.07
15602405,0.36
15799494,0.18
15770576,0.17
15567993,0.11
15631339,0.07
15580227,0.01
15677184,0.02
15686964,0.2
15625761,0.84
15807239,0.23
15698246,0.02
15692918,0.13
15654463,0.01
15785547,0.14
15598070,0.21
15657529,0.42
15619801,0.06
15700650,0.01
15691785,0.79
15646859,0.47
15615991,0.07
15607690,0.59
15707322,0.47
15650313,0.43
15737961,0.1
15572174,0.04
15658195,0.08
15803457,0.03
15714970,0.14
15626806,0.04
15631310,0.66
15706587,0.1
15713843,0.03
15682322,0.01
15763922,0.03
15804131,0.62
15751084,0.07
15630551,0.12
15758856,0.07
15727408,0.07
15587394,0.18
15580684,0.06
15672970,0.02
15663826,0.26
15625047,0.31
15757865,0.03
15661034,0.24
15605215,0.11
15611024,0.02
15735400,0.18
15671973,0.02
15800688,0.21
15797113,0.02
15618363,0.06
15794414,0.22
15633516,0.2
15809616,0.01
15742116,0.37
15715117,0.32
15667451,0.0
15661219,0.0
15667085,0.0
15774586,0.4
15737452,0.89
15685245,0.24
15626143,0.0
15778320,0.25
15710375,0.01
15696733,0.11
15748595,0.07
15604515,0.14
15810944,0.0
15754919,0.21
15581525,0.23
15654975,0.37
15621687,0.07
15589230,0.24
15809909,0.37
15754526,0.28
15773098,0.03
15806926,0.02
15642885,0.14
15615140,0.05
15759555,0.03
15673584,0.04
15786389,0.1
15624592,0.0
15792668,0.05
15632263,0.03
15588537,0.44
15786237,0.01
15746410,0.02
15813168,0.82
15796813,0.37
15663830,0.02
15750410,0.06
15636423,0.16
15609562,0.43
15757912,0.57
15625311,0.24
15718057,0.7
15756305,0.19
15758362,0.27
15579062,0.0
15702912,0.38
15675963,0.14
15637411,0.0
15592716,0.88
15797905,0.17
15631685,0.49
15724145,0.24
15702416,0.31
15585427,0.15
15688691,0.25
15601026,0.13
15591428,0.01
15726791,0.18
15608408,0.02
15688395,0.02
15648638,0.02
15799925,0.06
15577423,0.47
15718289,0.5
15567834,0.46
15762228,0.1
15581551,0.05
15813327,0.08
15614782,0.09
15795228,0.06
15679551,0.28
15588456,0.11
15647453,0.19
15704160,0.77
15761023,0.7
15737265,0.37
15680436,0.0
15613844,0.06
15638963,0.29
15732967,0.2
15776631,0.07
15693543,0.11
15807889,0.67
15615896,0.01
15800773,0.19
15588341,0.24
15815628,0.12
15627162,0.28
15801548,0.09
15586931,0.16
15697183,0.07
15807768,0.12
15758035,0.29
15793425,0.13
15648800,0.43
15593943,0.12
15771674,0.16
15614168,0.71
15586523,0.29
15622494,0.0
15585388,0.08
15699797,0.28
15758073,0.09
15767954,0.01
15601857,0.89
15773890,0.03
15659694,0.3
15593295,0.21
15713094,0.01
15648030,0.2
15793842,0.14
15697625,0.06
15602312,0.04
15630113,0.09
15757829,0.34
15732020,0.18
15723989,0.01
15718531,0.0
15581197,0.32
15783816,0.01
15687527,0.03
15759250,0.6
15780746,0.14
15678206,0.53
15569209,0.12
15596647,0.29
15736371,0.03
15648461,0.01
15569451,0.05
15603914,0.04
15726466,0.36
15707219,0.06
15654300,0.07
15597131,0.12
15729362,0.11
15688984,0.2
15747097,0.04
15719348,0.08
15793135,0.14
15592816,0.91
15739502,0.11
15570134,0.19
15603319,0.15
15604706,0.27
15571940,0.01
15568506,0.06
15610271,0.32
15679297,0.47
15618182,0.08
15775809,0.12
15655590,0.15
15738174,0.04
15789669,0.2
15640258,0.05
15654859,0.72
15749004,0.13
15700394,0.09
15664547,0.07
15607560,0.1
15612444,0.01
15641158,0.17
15721715,0.42
15704795,0.06
15641480,0.03
15652401,0.03
15786035,0.0
15786852,0.19
15589754,0.38
15608804,0.57
15593128,0.6
15768095,0.08
15670163,0.03
15788930,0.11
15715796,0.05
15619343,0.34
15594041,0.24
15575691,0.13
15726403,0.59
15656005,0.17
15651369,0.01
15731166,0.0
15595010,0.06
15660980,0.02
15781505,0.14
15649423,0.06
15613945,0.04
15762762,0.88
15726631,0.15
15806945,0.19
15672397,0.04
15657284,0.52
15622305,0.06
15751748,0.61
15575492,0.03
15673439,0.21
15577107,0.47
15796218,0.08
15607381,0.14
15696539,0.02
15782758,0.09
15605424,0.09
15792228,0.66
15764073,0.1
15615020,0.19
15658980,0.37
15791452,0.0
15578809,0.19
15810444,0.57
15672574,0.2
15577905,0.03
15770711,0.05
15704586,0.12
15733842,0.06
15768072,0.31
15677921,0.7
15652266,0.05
15766734,0.23
15691387,0.11
15613292,0.04
15704910,0.01
15579994,0.12
15658052,0.2
15765487,0.22
15577771,0.39
15807555,0.12
15780256,0.02
15639004,0.04
15701522,0.05
15713637,0.06
15748069,0.1
15573319,0.15
15753079,0.56
15608166,0.01
15668818,0.4
15749583,0.68
15578006,0.13
15581370,0.02
15755330,0.18
15780254,0.17
15664681,0.09
15757559,0.54
15709232,0.33
15666032,0.16
15660541,0.06
15634974,0.77
15690007,0.67
15763093,0.32
15791030,0.02
15721189,0.02
15761141,0.08
15576263,0.3
15773639,0.32
15625941,0.32
15644453,0.37
15808182,0.07
15614740,0.07
15597385,0.01
15811842,0.01
15656484,0.03
15572360,0.07
15583850,0.34
15751022,0.17
15638989,0.35
15773071,0.15
15725355,0.28
15576162,0.03
15664734,0.04
15594349,0.32
15608886,0.07
15686670,0.01
15695148,0.04
15765257,0.02
15605673,0.08
15807900,0.15
15704466,0.09
15583137,0.08
15691625,0.34
15766017,0.18
15701037,0.0
15676242,0.07
15662884,0.54
15644446,0.13
15671591,0.77
15621685,0.0
15574296,0.05
15656121,0.1
15781129,0.01
15772216,0.31
15583718,0.26
15607993,0.49
15627305,0.12
15771222,0.19
15724834,0.04
15580487,0.03
15565879,0.04
15620372,0.02
15659931,0.91
15742668,0.12
15720676,0.04
15714832,0.31
15769064,0.28
15704987,0.8
15802106,0.25
15761102,0.3
15769312,0.14
15801218,0.15
15717937,0.37
15606177,0.0
15694296,0.03
15570601,0.48
15696388,0.36
15729958,0.08
15692235,0.04
15674110,0.21
15631868,0.05
15810418,0.68
15622585,0.06
15707681,0.11
15756071,0.02
15736299,0.1
15567114,0.1
15698953,0.49
15591980,0.0
15767432,0.33
15808674,0.88
15722037,0.24
15725737,0.1
15647203,0.61
15777076,0.0
15592937,0.17
15809654,0.07
15697597,0.02
15654379,0.04
15591915,0.1
15675190,0.04
15616550,0.31
15741403,0.3
15756155,0.01
15585768,0.05
15762882,0.04
15610090,0.06
15719479,0.07
15730447,0.22
15743016,0.22
15728542,0.21
15619953,0.36
15691792,0.15
15777784,0.3
15713370,0.23
15631162,0.02
15782608,0.02
15634491,0.04
15704788,0.4
15644882,0.22
15689425,0.06
15812767,0.12
15770255,0.26
15742019,0.04
15679611,0.23
15681446,0.22
15640865,0.06
15791216,0.54
15630704,0.1
15715519,0.04
15737732,0.23
15582154,0.15
15664737,0.04
15649136,0.05
15586264,0.4
15652955,0.13
15803801,0.22
15796496,0.09
15769548,0.15
15786680,0.01
15700627,0.77
15675926,0.18
15656912,0.41
15732704,0.07
15708063,0.63
15583303,0.1
15673367,0.3
15602497,0.05
15674720,0.25
15752488,0.05
15592123,0.03
15701524,0.04
15573769,0.03
15634267,0.0
15749177,0.17
15642336,0.11
15641850,0.16
15684769,0.22
15645271,0.12
15598086,0.59
15807432,0.17
15777893,0.14
15624424,0.08
15752809,0.34
15619955,0.68
15636396,0.06
15792176,0.16
15731781,0.02
15803749,0.16
15768566,0.01
15650924,0.02
15747043,0.03
15668943,0.0
15708710,0.13
15761340,0.04
15762351,0.12
15681410,0.2
15627637,0.09
15773276,0.6
15685096,0.17
15786196,0.73
15637774,0.1
15675749,0.01
15605665,0.21
15716164,0.17
15805112,0.15
15580953,0.02
15626898,0.08
15581295,0.65
15632275,0.14
15657881,0.07
15569222,0.03
15798885,0.27
15726310,0.01
15786153,0.41
15605059,0.61
15610686,0.65
15598982,0.71
15702741,0.07
15611756,0.49
15750497,0.23
15676404,0.84
15642099,0.02
15660417,0.7
15749265,0.42
15658675,0.25
15706021,0.1
15811762,0.82
15652674,0.11
15643635,0.02
15807728,0.64
15810826,0.0
15802256,0.11
15698791,0.35
15640266,0.11
15809901,0.01
15574283,0.0
15754012,0.08
15791045,0.09
15641122,0.0
15756333,0.04
15586870,0.22
15682757,0.0
15633897,0.1
15571065,0.1
15615828,0.01
15755241,0.5
15616172,0.12
15699619,0.02
15688071,0.47
15585865,0.31
15722425,0.0
15619857,0.39
15718921,0.07
15790247,0.02
15688951,0.16
15766683,0.24
15583371,0.05
15667417,0.08
15795151,0.22
15728885,0.22
15643903,0.08
15661526,0.26
15691906,0.43
15766163,0.03
15760749,0.08
15800856,0.03
15672821,0.02
15604138,0.1
15720662,0.17
15732102,0.11
15628219,0.43
15812198,0.77
15666043,0.07
15753343,0.04
15717643,0.02
15615032,0.03
15574324,0.16
15724334,0.11
15687413,0.05
15661007,0.09
15667896,0.02
15625592,0.05
15748123,0.03
15682834,0.03
15591509,0.02
15708608,0.18
15794580,0.85
15656351,0.22
15676571,0.62
15757425,0.09
15798024,0.1
15688563,0.08
15585066,0.39
15629985,0.43
15666982,0.52
15723884,0.05
15588944,0.61
15639530,0.29
15615444,0.01
15659420,0.01
15716334,0.34
15618774,0.69
15682048,0.55
15775703,0.03
15656921,0.1
15716800,0.01
15777616,0.54
15677020,0.51
15732832,0.11
15727281,0.01
15597951,0.55
15697844,0.29
15723400,0.0
15680752,0.49
15718765,0.22
15770995,0.71
15642912,0.18
15598097,0.02
15599976,0.01
15596797,0.04
15694192,0.05
15665378,0.27
15701280,0.04
15741719,0.4
15713250,0.0
15694601,0.11
15673372,0.5
15711540,0.14
15611635,0.14
15705448,0.4
15606229,0.01
15703354,0.12
15585595,0.1
15567333,0.01
15599792,0.05
15802758,0.1
15616028,0.21
15788556,0.13
15776223,0.24
15774164,0.1
15732307,0.05
15727919,0.16
15738411,0.01
15623972,0.13
15700353,0.02
15685314,0.02
15657306,0.55
15787655,0.09
15591550,0.23
15580149,0.04
15665159,0.31
15796612,0.07
15804771,0.47
15577657,0.0
15757759,0.65
15782574,0.02
15579183,0.12
15705657,0.26
15571193,0.36
15615296,0.43
15567557,0.03
15766289,0.19
15747542,0.08
15624993,0.18
15732778,0.04
15624820,0.79
15728010,0.06
15778694,0.05
15636977,0.68
15790763,0.29
15734610,0.67
15629885,0.14
15667190,0.17
15807923,0.45
15789432,0.33
15812611,0.03
15616330,0.02
15778190,0.17
15714586,0.14
15781975,0.05
15811327,0.14
15698839,0.23
15573876,0.14
15722212,0.18
15729224,0.07
15690796,0.08
15718944,0.04
15626900,0.08
15603880,0.4
15706602,0.15
15631927,0.03
15723721,0.04
15772601,0.27
15639662,0.02
15765014,0.29
15575391,0.01
15751412,0.01
15737888,0.21
15593501,0.07
15784010,0.2
15679642,0.03
15741416,0.27
15796958,0.0
15796787,0.37
15621870,0.63
15742681,0.22
15622003,0.04
15718507,0.08
15671104,0.29
15755416,0.08
15769346,0.04
15772482,0.72
15787619,0.17
15732943,0.18
15708256,0.05
15709199,0.37
15633648,0.36
15665222,0.56
15680303,0.67
15665374,0.22
15729836,0.04
15600478,0.14
15572291,0.16
15755178,0.63
15800845,0.09
15711288,0.02
15682489,0.09
15585867,0.01
15635097,0.07
15663421,0.06
15791304,0.06
15724443,0.2
15750929,0.0
15801351,0.03
15590199,0.03
15769254,0.22
15576623,0.02
15609987,0.21
15793478,0.31
15786167,0.04
15758252,0.2
15681115,0.03
15749482,0.29
15661473,0.71
15594685,0.25
15632576,0.06
15651020,0.13
15617655,0.0
15609643,0.17
15577402,0.0
15755239,0.05
15633608,0.05
15718773,0.0
15802362,0.12
15700813,0.08
15709861,0.2
15689692,0.11
15676433,0.19
15641994,0.77
15591766,0.04
15806081,0.53
15795511,0.38
15649183,0.41
15651585,0.17
15695585,0.08
15663942,0.03
15669589,0.42
15791769,0.12
15600379,0.02
15745001,0.01
15809847,0.17
15714391,0.49
15691863,0.05
15801293,0.15
15807563,0.83
15581323,0.06
15793424,0.1
15570414,0.09
15761348,0.04
15769051,0.03
15692110,0.37
15684440,0.14
15655389,0.18
15569759,0.72
15788025,0.22
15766887,0.03
15690526,0.02
15669281,0.12
15617486,0.56
15744529,0.12
15776807,0.11
15658852,0.01
15650391,0.09
15623102,0.03
15584505,0.17
15611318,0.09
15634606,0.05
15581505,0.0
15570681,0.02
15805909,0.23
15608209,0.03
15740404,0.03
15738191,0.0
15725906,0.24
15791535,0.07
15753840,0.15
15627514,0.12
15704819,0.22
15750121,0.26
15658459,0.08
15666856,0.39
15724200,0.02
15803365,0.13
15625698,0.07
15702014,0.02
15671610,0.05
15745794,0.02
15645371,0.41
15658169,0.44
15648725,0.01
15588219,0.17
15589420,0.22
15622729,0.11
15649738,0.13
15648069,0.04
15641690,0.04
15794253,0.17
15738018,0.04
15588918,0.07
15747558,0.13
15675501,0.24
15792222,0.18
15617432,0.28
15796834,0.06
15657535,0.04
15648005,0.01
15768367,0.26
15645517,0.03
15709256,0.08
15783865,0.14
15618926,0.0
15709222,0.11
15761286,0.31
15801924,0.11
15629750,0.09
15721569,0.41
15626475,0.0
15693683,0.06
15665129,0.06
15634551,0.96
15761018,0.49
15583364,0.13
15668235,0.14
15669491,0.44
15699598,0.0
15775562,0.02
15628963,0.06
15784097,0.24
15686776,0.15
15663410,0.8
15714256,0.01
15781619,0.39
15587299,0.8
15671032,0.27
15618765,0.52
15658548,0.22
15576526,0.02
15700366,0.03
15592578,0.4
15571778,0.75
15690330,0.27
15611848,0.05
15616555,0.39
15700209,0.32
15690664,0.0
15795963,0.02
15763327,0.06
15797748,0.09
15628947,0.06
15631392,0.09
15607877,0.0
15569249,0.84
15658670,0.01
15757434,0.03
15635285,0.05
15668081,0.13
15677288,0.28
15800366,0.02
15677371,0.33
15566543,0.09
15618816,0.26
15750803,0.13
15620268,0.29
15793890,0.44
15665088,0.09
15730059,0.11
15787830,0.16
15689031,0.19
15791767,0.03
15571666,0.24
15759991,0.11
15692443,0.14
15600280,0.02
15583849,0.26
15620111,0.41
15731569,0.15
15667093,0.11
15754926,0.02
15759733,0.02
15762821,0.0
15756125,0.24
15579787,0.0
15648272,0.06
15619514,0.32
15594456,0.11
15653937,0.9
15768455,0.03
15569670,0.04
15635597,0.01
15785042,0.04
15694408,0.28
15652914,0.06
15608845,0.16
15803378,0.05
15695699,0.0
15643048,0.09
15642937,0.18
15581229,0.18
15636592,0.17
15791780,0.83
15606554,0.01
15716000,0.0
15667602,0.04
15659568,0.11
15640866,0.09
15690079,0.04
15648067,0.04
15624703,0.13
15609521,0.09
15620758,0.01
15745326,0.81
15755077,0.07
15671930,0.02
15585241,0.14
15644833,0.9
15777459,0.15
15681081,0.13
15729689,0.01
15641170,0.07
15567431,0.19
15630580,0.23
15661745,0.08
15628972,0.62
15595047,0.08
15580682,0.02
15733966,0.29
15669994,0.2
15712403,0.85
15643819,0.04
15644962,0.02
