enrollee_id,predic
20979,0.12
19452,0.57
13018,0.17
17187,0.2
31741,0.01
21711,0.15
17980,0.75
26127,0.08
5737,0.03
11917,0.49
19012,0.25
5595,0.17
26528,0.05
33130,0.43
6255,0.41
21354,0.16
2447,0.42
23086,0.39
21175,0.11
5284,0.26
13507,0.21
31087,0.16
24009,0.58
22147,0.45
13026,0.49
18181,0.35
5094,0.08
25459,0.02
27894,0.19
21521,0.03
30740,0.45
12249,0.08
6064,0.05
9357,0.03
25245,0.69
7924,0.14
29668,0.09
26141,0.11
19014,0.22
7766,0.08
26544,0.14
20692,0.04
11292,0.03
25921,0.12
28539,0.68
30284,0.07
5732,0.06
30040,0.54
3456,0.38
24146,0.73
1060,0.21
26422,0.07
23875,0.68
170,0.28
13363,0.34
402,0.25
6529,0.72
19173,0.58
25088,0.68
24701,0.33
544,0.09
22411,0.77
29786,0.28
23250,0.11
1809,0.41
31927,0.44
15000,0.07
12573,0.02
12691,0.15
27617,0.05
6182,0.08
32548,0.21
23173,0.59
6477,0.17
18270,0.34
12715,0.16
696,0.11
6094,0.47
25189,0.16
14442,0.03
13972,0.16
12506,0.23
27371,0.66
24122,0.45
30418,0.06
3230,0.03
9452,0.07
6765,0.04
27900,0.13
22318,0.54
26131,0.55
10850,0.78
29418,0.21
29598,0.6
9668,0.15
22438,0.24
27229,0.21
17362,0.73
26478,0.28
9281,0.11
33070,0.26
8084,0.12
31553,0.28
10734,0.11
25361,0.15
16442,0.68
29523,0.19
17739,0.64
5860,0.08
11557,0.05
1068,0.05
6277,0.27
25754,0.19
8302,0.15
23260,0.31
25530,0.25
16296,0.15
30227,0.02
28941,0.16
31075,0.43
6623,0.08
25474,0.22
28183,0.25
18468,0.64
29633,0.43
16409,0.66
982,0.58
931,0.13
31314,0.34
2121,0.07
28057,0.2
10333,0.28
26201,0.36
31432,0.61
31562,0.01
32328,0.19
23358,0.42
19663,0.34
13777,0.03
23166,0.01
1339,0.4
30881,0.27
28702,0.46
10140,0.33
30484,0.0
433,0.38
13061,0.12
2511,0.08
23508,0.02
21198,0.19
10980,0.07
13012,0.04
28400,0.13
12501,0.61
208,0.2
21945,0.37
24937,0.67
10190,0.19
30452,0.05
6453,0.13
30978,0.19
29373,0.23
11619,0.74
12621,0.29
19595,0.05
21129,0.13
1775,0.6
6355,0.09
24859,0.07
22810,0.68
17448,0.18
22840,0.12
2991,0.06
29997,0.05
7363,0.79
15319,0.1
22545,0.41
18365,0.09
31516,0.39
29851,0.21
23169,0.1
2242,0.57
4215,0.17
13728,0.29
3466,0.35
31261,0.6
10404,0.1
3328,0.02
28226,0.56
5297,0.16
31561,0.18
26133,0.04
26126,0.06
13671,0.13
8763,0.2
12597,0.1
23312,0.71
29505,0.45
4936,0.26
6482,0.13
24125,0.18
8374,0.13
30309,0.12
20590,0.67
12256,0.04
15641,0.42
12396,0.86
21600,0.44
4741,0.11
28960,0.35
7566,0.55
31121,0.58
4678,0.07
5385,0.14
13038,0.06
26597,0.49
12028,0.67
29301,0.06
20605,0.11
22089,0.44
1973,0.49
5193,0.03
16969,0.1
8074,0.16
22182,0.31
30473,0.51
27258,0.2
10812,0.54
22322,0.1
25771,0.22
3585,0.07
26713,0.06
16796,0.01
28835,0.63
4961,0.69
3116,0.6
5480,0.04
33181,0.12
269,0.08
287,0.16
10510,0.16
20402,0.74
20146,0.29
5842,0.67
4178,0.14
15148,0.15
24927,0.36
17555,0.76
32191,0.32
26374,0.4
7945,0.07
10307,0.09
7178,0.27
79,0.35
14708,0.67
17740,0.89
20467,0.6
20055,0.05
23246,0.41
32899,0.23
10660,0.31
9265,0.18
31443,0.4
2788,0.39
23197,0.03
32255,0.4
26496,0.4
31179,0.52
7003,0.11
28757,0.05
17839,0.28
21395,0.46
27923,0.08
15368,0.19
24037,0.14
1740,0.18
27363,0.51
25878,0.48
21448,0.38
25695,0.19
33096,0.05
4060,0.13
9836,0.01
32401,0.25
5454,0.03
13479,0.64
1726,0.33
24082,0.67
33321,0.41
6184,0.72
17598,0.59
21021,0.14
24035,0.09
33045,0.03
24854,0.1
19333,0.03
33223,0.62
11205,0.05
30472,0.33
14721,0.02
7590,0.02
16923,0.26
1455,0.13
13445,0.56
30098,0.11
10314,0.1
21559,0.17
29893,0.17
14289,0.06
14395,0.57
7039,0.21
17858,0.11
26341,0.33
11352,0.03
31711,0.26
5621,0.14
23373,0.03
14092,0.35
27377,0.25
25548,0.09
4058,0.25
7256,0.54
9758,0.01
18479,0.4
11652,0.2
2945,0.14
5618,0.75
990,0.11
23065,0.29
32342,0.45
17016,0.13
30680,0.22
26212,0.07
11222,0.18
32003,0.2
20947,0.05
6247,0.24
26093,0.06
25518,0.05
21750,0.04
24981,0.08
15106,0.71
23161,0.13
3984,0.04
16273,0.69
6647,0.59
6800,0.31
33196,0.11
2674,0.12
32676,0.34
16411,0.09
6345,0.1
12648,0.07
33203,0.06
18334,0.29
17728,0.19
17660,0.06
16178,0.11
22800,0.08
8520,0.11
3853,0.2
17497,0.04
12177,0.05
4907,0.09
14924,0.14
173,0.2
11633,0.02
2218,0.07
21630,0.42
22919,0.15
10036,0.49
7668,0.14
20972,0.02
18299,0.63
15124,0.59
563,0.09
25693,0.08
13136,0.64
2273,0.6
2410,0.0
19448,0.1
6445,0.06
22897,0.65
24201,0.51
10911,0.62
5794,0.11
25433,0.7
12287,0.02
9600,0.19
4727,0.13
13271,0.16
12894,0.11
28809,0.09
11040,0.03
28407,0.59
25858,0.55
24129,0.11
16217,0.27
8065,0.15
28330,0.58
4427,0.08
11374,0.0
497,0.22
17627,0.06
27054,0.04
31364,0.1
33081,0.45
20526,0.81
6840,0.21
4239,0.01
18765,0.02
1075,0.15
24668,0.04
4347,0.53
8182,0.04
22448,0.4
18304,0.49
28991,0.49
13633,0.09
15584,0.27
24671,0.28
11834,0.11
20999,0.32
21162,0.32
29839,0.58
12012,0.51
4671,0.6
8228,0.1
25788,0.64
6792,0.06
3714,0.06
22064,0.0
1139,0.15
16221,0.05
32080,0.63
29504,0.18
19366,0.71
15719,0.07
8866,0.3
6770,0.22
23459,0.32
31139,0.18
20033,0.02
13389,0.04
11162,0.12
25381,0.19
18777,0.12
31074,0.67
13169,0.14
27183,0.08
4822,0.54
13673,0.58
26877,0.2
31293,0.04
25978,0.52
13580,0.06
26471,0.02
26396,0.54
12357,0.07
14204,0.08
15650,0.14
14063,0.5
22136,0.58
10406,0.28
8417,0.15
11480,0.09
19363,0.35
14102,0.17
11851,0.13
7177,0.03
5223,0.59
29391,0.51
12373,0.18
25332,0.1
24843,0.21
1090,0.06
27608,0.04
31346,0.29
18125,0.11
12623,0.06
30391,0.17
1396,0.07
30338,0.06
29808,0.1
25175,0.21
9524,0.3
32514,0.24
25534,0.09
30612,0.25
32309,0.1
11634,0.17
17375,0.09
15837,0.13
148,0.13
7962,0.03
24000,0.75
2476,0.02
1673,0.44
420,0.19
32477,0.1
6589,0.06
11978,0.52
4190,0.21
13820,0.03
22523,0.08
15015,0.16
22365,0.05
10617,0.03
14034,0.09
198,0.05
18783,0.03
15545,0.08
32687,0.53
20717,0.09
12350,0.11
9071,0.05
4051,0.04
16603,0.11
16537,0.14
30420,0.44
12450,0.84
637,0.06
21813,0.04
21598,0.05
6961,0.2
30214,0.05
10996,0.07
9074,0.31
15173,0.54
23550,0.07
11056,0.72
10760,0.15
14465,0.05
32662,0.44
9928,0.22
14848,0.59
8840,0.16
4267,0.05
11856,0.54
32526,0.34
23382,0.57
15207,0.32
17568,0.48
7101,0.7
14391,0.43
2157,0.15
26797,0.77
20653,0.69
33315,0.04
30354,0.41
19055,0.6
31885,0.18
1288,0.16
18167,0.07
9373,0.31
21676,0.21
7704,0.65
11903,0.01
11865,0.13
8878,0.24
15202,0.17
24172,0.47
32363,0.24
14328,0.23
10268,0.08
22190,0.05
18760,0.28
2499,0.09
5784,0.16
16229,0.21
9067,0.55
25501,0.43
14558,0.7
20429,0.7
26522,0.6
3985,0.05
33340,0.25
12925,0.59
16122,0.08
27519,0.19
10477,0.12
14486,0.69
4695,0.15
3597,0.07
6213,0.31
23871,0.16
1153,0.04
25330,0.13
9279,0.26
29719,0.03
31080,0.09
20606,0.76
12686,0.05
2953,0.08
4982,0.05
31385,0.04
29270,0.16
17874,0.07
4749,0.07
25311,0.23
32048,0.61
8405,0.4
3321,0.13
20135,0.15
6667,0.09
4872,0.5
826,0.19
10144,0.73
24168,0.07
29436,0.25
6761,0.46
3340,0.02
26480,0.14
26335,0.3
17717,0.56
23066,0.4
9860,0.19
19059,0.63
29187,0.46
11826,0.06
5545,0.09
6220,0.11
27017,0.49
10891,0.05
30852,0.09
19378,0.05
11828,0.06
28193,0.21
17201,0.75
1269,0.16
18803,0.49
25690,0.6
17000,0.05
5707,0.08
13194,0.32
18177,0.31
20621,0.3
27791,0.15
24855,0.07
25238,0.45
1017,0.23
17987,0.06
6047,0.13
27358,0.72
14435,0.48
21616,0.41
5148,0.27
25532,0.05
2007,0.54
29466,0.23
18319,0.74
11524,0.34
32297,0.12
8093,0.08
21480,0.8
32237,0.21
7452,0.03
17382,0.62
6679,0.51
16512,0.13
31786,0.09
21612,0.02
16433,0.09
30651,0.14
3955,0.05
20796,0.32
13897,0.42
10402,0.64
24089,0.89
20350,0.64
18337,0.04
11001,0.1
9049,0.3
23339,0.72
7388,0.18
6459,0.16
25808,0.03
24916,0.61
28074,0.13
20202,0.05
6953,0.12
7920,0.07
19738,0.04
18965,0.06
18661,0.6
6518,0.06
28264,0.19
19142,0.01
4708,0.19
17782,0.59
32776,0.45
31873,0.09
15409,0.38
14872,0.06
25206,0.02
5710,0.08
14167,0.33
20922,0.02
22517,0.18
18578,0.06
25,0.16
17934,0.2
11042,0.9
9516,0.56
832,0.04
21068,0.13
25521,0.03
27886,0.07
29249,0.7
4845,0.52
31729,0.04
10186,0.11
16710,0.52
5896,0.09
1592,0.22
19620,0.56
4986,0.06
2025,0.39
4034,0.05
7274,0.26
2388,0.68
24557,0.08
16827,0.27
19983,0.02
15847,0.05
27500,0.08
12085,0.7
7829,0.12
8086,0.23
10361,0.11
13444,0.15
4117,0.12
30062,0.37
28002,0.31
30494,0.65
10985,0.16
27841,0.02
10757,0.07
32114,0.56
28443,0.51
10212,0.21
7037,0.11
14928,0.04
22370,0.52
15783,0.12
9286,0.85
17152,0.03
11176,0.22
33055,0.15
32667,0.27
3766,0.02
26901,0.2
17940,0.17
28682,0.1
4252,0.7
32691,0.15
33239,0.62
16736,0.34
14600,0.08
10524,0.56
19835,0.01
10901,0.09
8725,0.13
8973,0.47
21375,0.57
1300,0.07
4662,0.42
20194,0.07
24134,0.61
20226,0.82
10168,0.08
8248,0.45
32509,0.09
19523,0.23
6755,0.62
2203,0.68
6380,0.01
7641,0.55
8975,0.32
6697,0.56
23998,0.51
24552,0.11
27128,0.47
9973,0.03
6886,0.34
23280,0.44
16543,0.18
1450,0.34
4592,0.52
8366,0.11
20688,0.34
8168,0.07
4647,0.01
28229,0.05
12595,0.01
214,0.21
30160,0.16
21856,0.05
5324,0.06
11715,0.14
17711,0.05
7073,0.64
2553,0.74
28993,0.47
11515,0.07
31062,0.01
20423,0.72
1529,0.2
444,0.11
9951,0.17
26745,0.01
1043,0.17
23834,0.17
28860,0.15
10631,0.52
6627,0.05
15954,0.04
16716,0.25
28364,0.19
9216,0.06
14909,0.02
1207,0.17
31108,0.38
12496,0.74
23815,0.6
16533,0.42
5698,0.6
26935,0.71
13515,0.16
33370,0.15
6302,0.17
32220,0.19
22784,0.15
21085,0.6
27261,0.14
22736,0.25
25752,0.06
13713,0.25
17126,0.43
22419,0.69
26148,0.54
33046,0.01
27630,0.7
8675,0.09
3639,0.07
7427,0.74
18496,0.05
30384,0.08
22240,0.34
24602,0.18
23361,0.09
324,0.12
378,0.03
18499,0.5
21752,0.01
18324,0.75
19472,0.04
16127,0.0
30790,0.57
20469,0.09
30870,0.17
27664,0.03
27585,0.59
19453,0.04
29600,0.53
22290,0.36
7503,0.03
24634,0.22
9467,0.0
16737,0.41
23247,0.2
14370,0.26
27856,0.04
7772,0.63
31461,0.55
2767,0.24
10502,0.1
26778,0.38
25912,0.68
33330,0.09
13794,0.07
21634,0.61
17849,0.09
32361,0.28
13423,0.58
25607,0.07
15375,0.12
13112,0.09
31946,0.43
8269,0.19
4754,0.0
20646,0.18
23954,0.76
20445,0.1
178,0.68
14032,0.59
6103,0.05
29319,0.56
5175,0.02
17916,0.16
14508,0.53
20444,0.18
32794,0.38
1025,0.26
24038,0.54
21098,0.72
24645,0.29
32759,0.42
6635,0.17
14549,0.05
17068,0.25
25359,0.64
7201,0.09
4830,0.15
6915,0.22
23891,0.2
27955,0.08
27223,0.58
28988,0.25
26435,0.54
1314,0.64
20645,0.03
16028,0.73
5317,0.01
21765,0.06
25527,0.01
4657,0.09
20086,0.31
14447,0.05
24040,0.43
16565,0.04
15044,0.04
17505,0.74
21374,0.59
17461,0.37
8572,0.07
21553,0.13
22946,0.16
265,0.15
32423,0.53
25004,0.84
1432,0.17
8422,0.1
8927,0.71
25094,0.53
22215,0.17
29867,0.22
22113,0.52
25877,0.19
17957,0.72
13322,0.05
3704,0.29
15264,0.38
19178,0.27
6254,0.02
29802,0.69
11328,0.43
32801,0.35
4011,0.21
20701,0.08
27165,0.47
31538,0.04
4996,0.58
3015,0.31
5853,0.6
20025,0.04
32578,0.02
14371,0.51
12985,0.08
25405,0.0
32299,0.57
7531,0.03
13105,0.52
7685,0.02
22485,0.07
9468,0.26
5161,0.62
30482,0.54
29349,0.08
30851,0.32
23534,0.34
9736,0.53
30995,0.5
25182,0.1
31051,0.07
20993,0.11
7646,0.01
6843,0.64
31014,0.14
9423,0.02
30713,0.52
32001,0.14
19875,0.64
17596,0.14
17232,0.08
19411,0.19
24437,0.08
4232,0.06
31607,0.19
23711,0.43
16795,0.02
7705,0.06
14050,0.72
7878,0.6
22912,0.04
10908,0.03
30416,0.04
25666,0.13
17766,0.05
18016,0.03
31813,0.59
20520,0.17
4438,0.24
16879,0.24
31812,0.52
29861,0.52
10857,0.68
30549,0.08
29905,0.15
31447,0.54
30894,0.55
30355,0.02
31897,0.07
2185,0.05
186,0.38
11551,0.09
1552,0.12
19689,0.67
24104,0.23
29750,0.1
19493,0.33
32275,0.14
8914,0.61
26067,0.44
1991,0.22
21013,0.16
32954,0.19
18368,0.49
6696,0.18
15505,0.17
54,0.21
7423,0.69
7085,0.09
6947,0.01
21734,0.13
7866,0.07
19598,0.01
23376,0.62
8706,0.03
17552,0.21
12386,0.22
22256,0.75
8270,0.06
17823,0.47
6551,0.14
8265,0.06
31970,0.04
24984,0.5
21403,0.52
17050,0.53
1955,0.86
17868,0.11
21642,0.47
11745,0.13
2845,0.03
9019,0.23
31475,0.09
10377,0.47
4590,0.29
23146,0.04
28511,0.14
29405,0.24
24590,0.51
29001,0.62
9625,0.02
15737,0.6
17645,0.09
10797,0.02
1577,0.39
25849,0.07
10645,0.66
73,0.38
20167,0.22
3835,0.29
29437,0.23
17914,0.09
6700,0.21
26721,0.69
23348,0.11
13050,0.04
1052,0.38
7159,0.09
20739,0.11
16358,0.03
13839,0.33
33307,0.12
4925,0.19
11280,0.24
28580,0.43
12604,0.67
1619,0.15
5431,0.49
33156,0.33
4390,0.77
15814,0.24
8772,0.08
3454,0.55
15031,0.15
20727,0.08
29744,0.07
17474,0.15
6625,0.75
25864,0.48
21485,0.13
3794,0.1
25388,0.73
32934,0.02
22851,0.06
1720,0.38
3705,0.2
11523,0.09
569,0.08
11939,0.08
19346,0.47
10896,0.62
22509,0.49
13186,0.49
2186,0.12
4366,0.05
3310,0.0
29615,0.63
17704,0.03
13927,0.09
21371,0.61
1287,0.41
23295,0.09
24188,0.7
31766,0.42
22285,0.04
31592,0.17
27285,0.02
5949,0.13
19431,0.48
31623,0.12
19440,0.69
18655,0.43
20762,0.59
14965,0.55
9401,0.38
21803,0.09
2804,0.14
11039,0.07
3753,0.1
30665,0.05
12518,0.03
386,0.19
12760,0.04
21334,0.58
31262,0.25
19824,0.03
18084,0.2
31681,0.78
8080,0.51
5417,0.05
5690,0.25
25799,0.42
23738,0.11
1682,0.29
25985,0.14
17489,0.33
27532,0.14
8689,0.12
1471,0.35
31752,0.54
28270,0.11
30485,0.12
26268,0.15
16451,0.48
17681,0.49
11802,0.06
10117,0.12
11670,0.1
22937,0.44
17252,0.13
18146,0.07
11190,0.17
20274,0.57
27660,0.1
24151,0.49
7236,0.1
11383,0.02
19561,0.67
24206,0.21
17195,0.21
19091,0.2
18995,0.1
26773,0.05
8044,0.26
29224,0.49
29460,0.86
4865,0.15
31820,0.38
5241,0.34
27174,0.29
24115,0.12
21590,0.65
19463,0.38
13891,0.14
6201,0.57
1313,0.19
12317,0.01
812,0.32
5460,0.03
7603,0.5
29705,0.68
4359,0.1
29661,0.35
19899,0.66
29822,0.1
555,0.14
26912,0.51
17029,0.07
27015,0.13
23371,0.36
24574,0.21
32039,0.07
26822,0.11
8812,0.02
28162,0.08
6926,0.64
12534,0.57
16256,0.11
30140,0.53
16940,0.08
22659,0.68
10221,0.12
10692,0.05
18447,0.03
10880,0.09
29120,0.04
17010,0.21
13881,0.14
23370,0.48
26711,0.07
17761,0.04
29073,0.13
29209,0.21
20428,0.53
6572,0.14
21492,0.16
5997,0.01
32677,0.18
17708,0.33
9547,0.18
24427,0.4
30225,0.05
29133,0.09
27077,0.14
2967,0.07
9111,0.06
8933,0.48
4327,0.05
3303,0.11
14082,0.01
20490,0.06
2048,0.6
5734,0.46
22284,0.13
7695,0.07
4389,0.58
13079,0.25
24052,0.66
14338,0.69
26869,0.18
19740,0.08
4054,0.04
19330,0.03
22399,0.7
16813,0.33
4617,0.2
21298,0.35
13163,0.12
23372,0.49
27950,0.71
21661,0.69
17400,0.62
16792,0.05
10693,0.65
827,0.16
25725,0.26
1253,0.46
31240,0.21
6680,0.59
1475,0.44
6021,0.1
27426,0.58
28042,0.24
16077,0.08
23835,0.15
31753,0.61
4729,0.18
12111,0.48
9419,0.06
9503,0.03
28336,0.01
21552,0.25
5491,0.27
21042,0.14
30094,0.55
23772,0.06
31916,0.55
13961,0.1
23783,0.27
9384,0.05
26247,0.26
21691,0.6
114,0.05
16241,0.3
29986,0.02
19073,0.03
4860,0.13
11175,0.27
23950,0.2
21431,0.58
23715,0.25
32158,0.15
18558,0.78
28587,0.2
23960,0.31
1218,0.06
13803,0.15
22551,0.16
19798,0.36
10210,0.16
21048,0.16
28679,0.84
30082,0.18
3120,0.22
31172,0.39
23581,0.13
29860,0.16
21360,0.5
29924,0.13
15610,0.28
9190,0.64
27913,0.07
25550,0.08
6491,0.14
9407,0.04
21317,0.15
1878,0.46
32426,0.26
4358,0.2
17436,0.73
9697,0.64
21281,0.13
5722,0.17
8945,0.22
15845,0.16
29814,0.11
8344,0.16
1553,0.2
24972,0.05
5778,0.23
29462,0.26
24285,0.71
5451,0.19
25647,0.81
13154,0.19
24986,0.19
17507,0.58
24047,0.16
11007,0.22
22549,0.1
25469,0.04
19513,0.18
31688,0.25
5881,0.16
792,0.17
18350,0.61
2961,0.06
14006,0.65
23939,0.2
21368,0.69
3822,0.3
9958,0.47
30097,0.13
5713,0.45
23636,0.36
4826,0.21
30325,0.11
17136,0.06
337,0.18
9145,0.12
27047,0.16
25641,0.53
17828,0.34
4772,0.45
25780,0.9
21664,0.26
25383,0.07
27232,0.13
22040,0.11
25039,0.66
33185,0.12
879,0.37
2586,0.15
8568,0.03
20982,0.12
1519,0.15
21024,0.17
18008,0.1
31917,0.52
3688,0.1
8527,0.45
15908,0.04
10745,0.15
18199,0.52
27485,0.19
6974,0.28
26043,0.29
15471,0.09
32604,0.42
6102,0.04
6408,0.1
719,0.09
23002,0.24
14521,0.11
26891,0.02
7383,0.13
10157,0.05
16038,0.46
25587,0.11
5119,0.38
3781,0.03
11313,0.01
859,0.05
6447,0.15
3184,0.01
30308,0.54
2676,0.06
10609,0.12
26641,0.11
15624,0.32
5813,0.19
27422,0.28
17458,0.7
7488,0.24
33362,0.07
8940,0.06
15679,0.08
29204,0.22
4101,0.05
32007,0.17
32020,0.05
10659,0.04
29597,0.8
28538,0.08
33228,0.47
20220,0.12
13554,0.05
15366,0.57
16464,0.55
14306,0.02
16899,0.45
2468,0.14
18105,0.57
3490,0.63
27785,0.04
29289,0.15
30661,0.17
6234,0.19
14422,0.38
13262,0.16
24226,0.77
11207,0.03
24869,0.74
14287,0.04
3248,0.05
18237,0.09
15678,0.43
19293,0.42
22286,0.43
16957,0.18
15363,0.44
29143,0.13
6593,0.11
19354,0.49
3795,0.16
20960,0.03
13161,0.01
5822,0.05
26958,0.06
12571,0.02
8449,0.08
22155,0.31
24921,0.04
20377,0.65
29559,0.07
30199,0.47
24481,0.13
8150,0.23
3087,0.07
4040,0.04
4731,0.07
2899,0.62
28307,0.13
11720,0.06
28863,0.11
2079,0.17
33184,0.38
13325,0.56
13242,0.69
10285,0.13
10864,0.06
7769,0.39
390,0.14
31968,0.7
8482,0.47
23079,0.17
17240,0.05
20292,0.13
32654,0.01
20446,0.7
14897,0.01
24665,0.46
28641,0.0
10092,0.04
227,0.15
9476,0.45
1842,0.65
9371,0.01
26230,0.03
14996,0.02
29177,0.3
9458,0.08
11315,0.18
29370,0.69
21036,0.37
32252,0.18
7830,0.07
21989,0.04
6248,0.2
4789,0.01
29305,0.04
22979,0.11
12578,0.06
12468,0.17
2334,0.07
29244,0.33
18217,0.57
15855,0.54
21911,0.13
21179,0.58
15039,0.28
29508,0.01
23692,0.18
4419,0.31
7634,0.07
15734,0.18
26475,0.47
26999,0.48
3769,0.58
15273,0.38
27035,0.16
18921,0.76
1261,0.42
15416,0.14
27505,0.05
19006,0.05
22971,0.35
6123,0.14
7538,0.36
21109,0.11
23158,0.32
10004,0.06
6803,0.04
19023,0.38
31394,0.37
15916,0.28
7569,0.2
7413,0.22
31013,0.11
31617,0.1
23942,0.2
24819,0.17
767,0.21
28327,0.35
9303,0.17
19219,0.07
30786,0.22
18262,0.06
18907,0.11
13118,0.1
25271,0.65
5627,0.37
17564,0.06
12397,0.56
24863,0.19
2541,0.04
1477,0.22
2868,0.1
6290,0.1
10300,0.32
8452,0.03
19854,0.28
519,0.11
17967,0.0
31845,0.11
11665,0.44
16176,0.23
25096,0.08
29029,0.23
26706,0.25
16316,0.03
20023,0.32
25386,0.49
28311,0.3
32008,0.19
23983,0.1
12173,0.04
14129,0.06
9759,0.11
13763,0.31
9885,0.15
16576,0.25
23102,0.18
31805,0.14
15076,0.04
21799,0.16
24021,0.26
11651,0.13
31883,0.2
28837,0.29
27958,0.04
6279,0.07
21980,0.05
21764,0.42
10009,0.14
25727,0.15
15504,0.05
21148,0.14
6198,0.55
30478,0.09
18812,0.45
9511,0.38
31022,0.54
22071,0.04
10351,0.05
8063,0.09
2225,0.06
20508,0.5
30337,0.79
16040,0.22
29955,0.76
17510,0.14
20136,0.18
20510,0.09
4245,0.34
32077,0.09
9120,0.58
768,0.08
32228,0.06
5752,0.02
16281,0.65
27270,0.31
10216,0.13
6811,0.61
11347,0.06
16485,0.62
23505,0.11
27244,0.6
12103,0.1
6559,0.31
14597,0.13
8295,0.28
1486,0.09
32145,0.13
8918,0.27
12598,0.63
19539,0.07
4338,0.08
27893,0.49
30434,0.55
29059,0.66
6753,0.07
19254,0.04
2178,0.23
14613,0.06
17754,0.46
25055,0.05
5336,0.13
6724,0.1
7580,0.07
14813,0.72
21466,0.48
15898,0.34
16008,0.59
21478,0.69
19741,0.67
27992,0.32
16092,0.06
12182,0.09
19991,0.08
31069,0.48
10031,0.06
15496,0.03
14851,0.13
31941,0.21
28726,0.71
29410,0.35
28894,0.09
70,0.12
18467,0.06
1808,0.62
32469,0.32
21893,0.11
13200,0.29
30431,0.13
22823,0.1
28473,0.08
11838,0.07
21385,0.06
23975,0.07
18394,0.1
736,0.1
5271,0.11
27914,0.09
17880,0.23
4127,0.05
28839,0.01
3949,0.13
25114,0.2
5834,0.05
1384,0.46
5577,0.76
29320,0.2
3145,0.12
26204,0.24
2314,0.1
1635,0.11
19973,0.1
14230,0.35
30510,0.09
28621,0.64
8483,0.06
4891,0.03
31631,0.04
17320,0.68
19825,0.25
27451,0.09
6439,0.12
10782,0.03
23082,0.28
886,0.12
29819,0.24
23397,0.43
32442,0.49
12148,0.2
16856,0.22
4644,0.35
30503,0.63
6395,0.45
20529,0.54
21739,0.63
29036,0.13
28635,0.38
30364,0.69
30223,0.11
21266,0.57
25863,0.6
12808,0.21
15318,0.64
19078,0.07
28725,0.11
28093,0.38
7252,0.76
19205,0.03
5154,0.14
32697,0.1
23681,0.48
28402,0.08
20342,0.2
26077,0.11
8695,0.76
6385,0.01
17893,0.04
29066,0.6
15631,0.16
6052,0.04
33255,0.38
15252,0.06
26657,0.14
20787,0.07
31273,0.06
9803,0.11
24656,0.23
27440,0.04
32599,0.12
13343,0.13
13608,0.07
30598,0.08
7943,0.21
16767,0.19
12519,0.1
31212,0.24
7656,0.51
8552,0.07
20748,0.02
3600,0.08
23956,0.11
15862,0.11
2292,0.65
8881,0.25
32236,0.64
1315,0.14
12410,0.16
23507,0.87
3272,0.04
8298,0.61
22433,0.72
29480,0.52
16429,0.09
22030,0.62
21908,0.19
11356,0.03
11756,0.59
12931,0.36
25743,0.1
14146,0.34
6008,0.01
33306,0.45
26119,0.04
725,0.07
20600,0.11
25239,0.24
32660,0.64
19586,0.45
17665,0.14
5594,0.05
30378,0.11
29620,0.15
1131,0.16
11782,0.22
4290,0.23
17061,0.22
19451,0.38
3402,0.53
26117,0.28
31413,0.3
9663,0.58
23897,0.23
29821,0.11
32819,0.83
17475,0.02
1917,0.04
1822,0.67
24031,0.58
29857,0.02
1358,0.12
10541,0.57
28185,0.09
16416,0.19
13991,0.01
10504,0.02
25026,0.6
12654,0.54
15716,0.16
13785,0.02
2217,0.05
19489,0.04
5733,0.27
27970,0.6
26975,0.05
20495,0.49
17869,0.63
25541,0.18
14446,0.59
28772,0.18
17247,0.65
28665,0.14
17641,0.06
4694,0.08
15068,0.1
19226,0.09
17959,0.34
26503,0.05
2785,0.45
12657,0.07
6814,0.51
23603,0.46
32772,0.55
10679,0.55
9526,0.14
4150,0.36
3142,0.13
21591,0.14
15131,0.05
27309,0.4
7726,0.86
22813,0.59
32028,0.67
25835,0.07
23460,0.46
31235,0.55
15676,0.1
220,0.19
9454,0.01
19848,0.73
26700,0.28
32168,0.03
12369,0.8
18724,0.09
8673,0.02
29452,0.33
25355,0.07
5549,0.31
7115,0.14
4922,0.1
20785,0.25
14302,0.61
31865,0.27
11194,0.06
26425,0.07
612,0.5
32658,0.1
26265,0.25
22996,0.04
4809,0.32
28994,0.09
17573,0.02
1600,0.14
15606,0.04
27940,0.14
14008,0.15
31671,0.05
13270,0.3
12863,0.12
13212,0.06
31243,0.55
23380,0.28
16204,0.36
21595,0.73
24072,0.13
6705,0.56
6980,0.23
17671,0.16
30827,0.21
23497,0.56
19315,0.08
24866,0.59
10176,0.25
4407,0.53
2020,0.54
27092,0.31
13804,0.12
11450,0.18
18687,0.17
32288,0.22
13450,0.2
21621,0.07
11317,0.05
3048,0.07
30882,0.1
31479,0.01
24705,0.26
23121,0.15
29671,0.55
9162,0.03
8433,0.06
30230,0.04
20470,0.07
28938,0.1
21285,0.12
26206,0.38
15543,0.13
23788,0.09
1894,0.06
748,0.06
13153,0.29
31690,0.17
3393,0.09
29048,0.56
14570,0.48
27491,0.52
16711,0.46
31422,0.34
9881,0.52
19657,0.25
13248,0.24
24870,0.65
6976,0.63
23205,0.13
23916,0.24
20214,0.25
4971,0.09
8761,0.14
11820,0.04
18564,0.62
7558,0.1
32463,0.11
27738,0.01
25770,0.1
21969,0.06
12547,0.06
1389,0.06
19418,0.51
15818,0.17
9559,0.05
23704,0.01
11021,0.12
22400,0.73
23415,0.08
9944,0.04
9475,0.08
8198,0.34
28565,0.12
1328,0.18
16428,0.54
3935,0.17
29458,0.74
22496,0.06
2660,0.3
27137,0.44
15552,0.29
18623,0.52
2290,0.26
22599,0.15
20246,0.16
22459,0.54
22729,0.4
953,0.11
24737,0.16
8774,0.04
534,0.18
15767,0.03
241,0.12
29181,0.14
4812,0.11
6595,0.43
25045,0.12
13711,0.02
18143,0.29
7734,0.14
11766,0.03
14971,0.09
8497,0.1
10178,0.05
15509,0.12
29698,0.5
14350,0.29
1506,0.02
27653,0.54
9987,0.01
12088,0.03
20525,0.73
27922,0.22
20619,0.51
5356,0.08
26712,0.18
28053,0.57
27175,0.14
5205,0.13
6009,0.05
32144,0.61
4049,0.16
9158,0.67
24259,0.45
24131,0.38
5134,0.37
12859,0.08
17229,0.77
16234,0.78
3458,0.19
5125,0.41
18702,0.07
10365,0.05
9520,0.03
7480,0.04
14117,0.54
10023,0.07
11732,0.04
30509,0.15
8033,0.39
8259,0.15
17251,0.56
15037,0.08
13858,0.01
24690,0.15
31771,0.06
19257,0.61
3702,0.04
19569,0.14
15553,0.09
26780,0.11
5057,0.1
7059,0.03
8317,0.5
19062,0.09
20097,0.39
32947,0.56
10194,0.07
22926,0.04
12159,0.2
19443,0.59
21216,0.49
14509,0.17
5937,0.03
3424,0.12
15950,0.48
12943,0.12
28106,0.23
4501,0.04
23206,0.14
26669,0.05
11525,0.64
21884,0.02
16354,0.08
584,0.25
2603,0.09
10163,0.06
21960,0.51
7741,0.18
10962,0.16
15386,0.69
19563,0.04
27198,0.08
1856,0.12
6475,0.04
25597,0.05
25987,0.22
9391,0.14
15370,0.12
32613,0.18
11034,0.06
29845,0.59
3540,0.1
24979,0.64
3701,0.03
28887,0.1
29137,0.19
13160,0.33
21145,0.05
25403,0.1
18736,0.25
12729,0.13
11807,0.81
12647,0.14
22931,0.15
10364,0.21
15834,0.14
16240,0.36
5869,0.18
13053,0.71
1325,0.08
29174,0.19
27073,0.65
15157,0.24
13864,0.01
22142,0.58
13436,0.04
14044,0.02
15752,0.02
4164,0.1
24527,0.3
5617,0.67
29708,0.21
23375,0.84
9147,0.03
5867,0.55
18392,0.56
30425,0.14
30400,0.02
5039,0.11
16990,0.01
361,0.07
2655,0.83
21458,0.69
9998,0.23
24459,0.44
3438,0.07
27320,0.09
22414,0.64
3262,0.05
5132,0.45
31104,0.24
32885,0.1
15926,0.02
13562,0.63
5811,0.13
30924,0.1
31286,0.08
18320,0.22
26701,0.12
3725,0.3
23717,0.04
10774,0.31
3529,0.02
692,0.22
15481,0.27
7764,0.03
11251,0.02
20797,0.06
27103,0.11
26849,0.69
17516,0.06
3459,0.11
31462,0.05
30031,0.05
21495,0.27
8348,0.09
20552,0.12
26338,0.29
22475,0.13
14163,0.12
20208,0.1
28006,0.65
22410,0.79
27918,0.19
32961,0.36
23811,0.35
1987,0.8
252,0.0
2095,0.14
30850,0.13
12893,0.2
26571,0.17
10468,0.68
11672,0.47
6681,0.63
32877,0.78
12849,0.11
30758,0.45
12738,0.07
15828,0.12
15559,0.02
16697,0.0
27162,0.53
16982,0.11
15526,0.43
29151,0.05
29125,0.21
6549,0.69
11951,0.19
25490,0.11
22782,0.26
13007,0.28
5469,0.06
9512,0.09
17954,0.39
33254,0.22
15512,0.63
21751,0.41
8994,0.11
29935,0.18
8582,0.06
25200,0.51
25083,0.07
1545,0.05
8194,0.02
30151,0.09
20046,0.59
31923,0.51
10945,0.51
11990,0.81
8394,0.41
22001,0.1
21215,0.05
25268,0.2
24896,0.01
23612,0.12
29420,0.55
9957,0.06
18376,0.13
28857,0.09
24834,0.35
17279,0.46
14291,0.1
30261,0.09
15091,0.12
12973,0.03
25374,0.06
25667,0.04
13877,0.08
29233,0.2
6005,0.64
28147,0.06
16015,0.14
13367,0.05
5775,0.51
3348,0.07
30290,0.44
16427,0.62
26241,0.09
23622,0.15
1607,0.5
27360,0.13
21178,0.45
19456,0.52
22163,0.79
1872,0.03
6646,0.05
19427,0.72
9376,0.27
8378,0.06
16746,0.01
11270,0.12
29617,0.22
32575,0.1
26983,0.02
14573,0.2
577,0.02
13656,0.19
21330,0.14
21003,0.15
2520,0.06
5095,0.07
1409,0.1
21324,0.03
9767,0.05
16394,0.53
18397,0.4
26050,0.45
14303,0.17
18501,0.2
6457,0.04
13546,0.08
11257,0.06
11709,0.1
11099,0.69
8533,0.02
18272,0.42
22309,0.08
20227,0.07
20686,0.04
2365,0.06
16283,0.84
23609,0.08
19228,0.23
30923,0.04
5972,0.04
12389,0.72
28089,0.09
32782,0.65
21473,0.05
30405,0.01
27767,0.04
29950,0.23
19758,0.68
13058,0.53
2886,0.05
13786,0.16
12279,0.26
17784,0.63
23135,0.21
9568,0.55
14590,0.47
10482,0.07
22503,0.79
18624,0.47
25434,0.05
30483,0.42
8871,0.02
15038,0.2
223,0.22
27599,0.69
22447,0.07
24058,0.43
25602,0.31
17223,0.61
26140,0.35
28125,0.02
8599,0.06
16112,0.06
6730,0.06
11965,0.02
893,0.12
29716,0.02
17469,0.51
16882,0.04
23083,0.18
28431,0.15
22869,0.13
18572,0.64
3475,0.07
29574,0.14
18595,0.61
7437,0.15
4455,0.55
32615,0.29
24958,0.3
17602,0.08
15894,0.59
21258,0.17
6663,0.24
11214,0.08
4940,0.06
11832,0.08
19526,0.39
3950,0.11
16080,0.25
17091,0.41
30408,0.03
11018,0.47
23285,0.16
14984,0.27
28114,0.02
26904,0.06
4095,0.05
12659,0.05
2198,0.53
4548,0.12
5352,0.11
30012,0.14
31608,0.36
23026,0.07
7366,0.42
15008,0.51
29363,0.49
1368,0.19
25901,0.59
5808,0.09
2434,0.2
12319,0.52
10338,0.28
27296,0.62
9212,0.7
19871,0.14
28486,0.11
13670,0.05
21760,0.21
24107,0.52
26027,0.09
1862,0.66
3751,0.03
25447,0.03
1340,0.32
11182,0.01
29879,0.15
20191,0.24
19935,0.15
609,0.13
32592,0.06
23650,0.28
26987,0.21
29178,0.6
25734,0.74
445,0.24
25295,0.06
15957,0.3
9181,0.66
2867,0.35
14141,0.07
33213,0.69
13281,0.09
15790,0.01
1788,0.1
28328,0.06
19806,0.13
9453,0.01
16564,0.05
31960,0.21
19925,0.03
13521,0.13
22603,0.04
4399,0.62
6171,0.13
20325,0.04
6987,0.65
19855,0.23
10220,0.14
64,0.1
25554,0.21
18862,0.01
10563,0.13
5708,0.05
9415,0.3
1127,0.26
2150,0.13
9223,0.58
11417,0.58
10326,0.11
22276,0.2
32164,0.46
20649,0.06
3300,0.21
11509,0.53
27756,0.22
25975,0.15
21577,0.54
6135,0.5
9777,0.08
13130,0.47
15805,0.15
162,0.08
3630,0.11
22291,0.06
10799,0.57
19587,0.54
17326,0.71
10536,0.09
31862,0.09
14430,0.62
29573,0.26
25236,0.11
15997,0.03
32534,0.29
503,0.09
28315,0.32
20187,0.2
16177,0.19
13879,0.59
7638,0.25
5136,0.11
12200,0.09
17084,0.1
13848,0.13
3965,0.01
23847,0.0
4859,0.02
320,0.36
26400,0.14
21847,0.38
28919,0.02
31838,0.15
25298,0.05
17889,0.57
7335,0.24
27671,0.05
9263,0.13
30940,0.55
6747,0.62
2100,0.08
19395,0.61
32459,0.18
29625,0.17
18439,0.1
19743,0.04
29884,0.55
2990,0.01
11380,0.22
11318,0.1
17663,0.05
33249,0.41
20116,0.26
12454,0.54
7422,0.61
9059,0.52
24135,0.69
18954,0.28
13720,0.04
32538,0.08
15949,0.08
14864,0.2
1248,0.34
31097,0.08
5499,0.09
7592,0.37
22493,0.52
16764,0.35
11357,0.03
27019,0.09
20183,0.14
31895,0.31
17004,0.02
24239,0.74
21322,0.52
25053,0.08
33068,0.09
14305,0.03
2167,0.15
19506,0.08
3555,0.14
21964,0.02
29951,0.88
10441,0.09
2786,0.03
26015,0.02
25145,0.05
31998,0.14
901,0.24
17771,0.81
13210,0.28
31993,0.61
6080,0.08
31636,0.03
31403,0.04
32493,0.57
15372,0.18
15054,0.14
480,0.11
30879,0.59
26875,0.02
2871,0.17
9640,0.01
33272,0.29
26349,0.62
7047,0.7
5554,0.14
12062,0.42
11669,0.11
28653,0.23
24900,0.69
10321,0.07
27280,0.13
8628,0.08
17052,0.3
21316,0.43
23294,0.46
30335,0.69
18277,0.07
16848,0.64
3199,0.34
19474,0.62
30637,0.09
15356,0.51
27212,0.06
26966,0.07
26921,0.02
26829,0.2
10355,0.05
21020,0.04
16546,0.12
29676,0.15
5866,0.06
18673,0.05
10938,0.34
10982,0.02
10697,0.01
25795,0.09
8969,0.15
5526,0.44
21097,0.68
19822,0.45
28685,0.48
3024,0.24
7886,0.16
3856,0.02
9536,0.08
4658,0.23
21933,0.12
5423,0.07
27786,0.06
1608,0.13
27412,0.12
4122,0.04
10735,0.21
18609,0.05
943,0.14
4481,0.48
12034,0.05
26665,0.59
21337,0.55
19388,0.56
26339,0.14
31889,0.18
1759,0.08
22541,0.37
19716,0.02
21484,0.7
33210,0.23
18190,0.23
33278,0.57
10918,0.22
10450,0.59
26342,0.16
27929,0.14
10401,0.57
1752,0.11
1369,0.05
18620,0.21
18797,0.08
27081,0.14
31967,0.59
8634,0.16
14602,0.63
13806,0.55
18614,0.02
24652,0.52
18430,0.58
15096,0.55
30609,0.41
20117,0.1
17981,0.06
24185,0.06
6543,0.04
23343,0.81
18122,0.26
24840,0.24
31468,0.1
24075,0.4
9861,0.26
20594,0.29
25583,0.47
15733,0.15
17670,0.12
11414,0.12
21667,0.01
29841,0.49
18417,0.21
4157,0.13
18144,0.18
26187,0.18
32722,0.11
4162,0.18
23984,0.19
20502,0.14
3694,0.05
19971,0.02
15705,0.26
31618,0.15
21655,0.21
29721,0.18
14974,0.11
27514,0.46
32820,0.41
13189,0.43
1020,0.11
19112,0.27
2823,0.5
4329,0.33
15413,0.65
10498,0.06
14492,0.57
20655,0.47
17715,0.09
3663,0.07
22047,0.1
9832,0.38
13943,0.11
12986,0.2
17553,0.13
13758,0.15
27290,0.28
29160,0.31
4528,0.31
4689,0.06
28923,0.06
33209,0.37
12325,0.6
12536,0.58
19705,0.2
13190,0.11
20410,0.11
25676,0.04
14910,0.14
30710,0.44
13215,0.02
15287,0.11
17383,0.58
15170,0.08
13199,0.13
27075,0.09
22391,0.81
17996,0.74
3102,0.11
21137,0.19
3284,0.03
10852,0.38
31900,0.15
30156,0.1
26787,0.21
19749,0.1
32508,0.2
6762,0.1
17531,0.51
20881,0.01
26402,0.07
27236,0.03
11952,0.23
23466,0.48
5635,0.04
4324,0.5
19045,0.35
22927,0.14
8022,0.62
28876,0.16
23131,0.4
9232,0.15
12184,0.16
19010,0.26
2160,0.38
19818,0.57
22137,0.16
26355,0.62
13474,0.56
6468,0.16
26091,0.12
22173,0.09
29428,0.4
21225,0.04
10582,0.05
6034,0.18
16778,0.58
11247,0.42
3144,0.18
9921,0.36
10236,0.07
15239,0.36
20062,0.1
17231,0.06
18594,0.19
25041,0.84
11061,0.42
22831,0.1
8196,0.24
16757,0.77
24044,0.53
18970,0.7
1854,0.36
10084,0.12
8464,0.53
21773,0.05
27428,0.14
17318,0.1
4567,0.04
9930,0.13
26168,0.46
21995,0.19
27885,0.24
11060,0.02
16628,0.54
23985,0.07
24299,0.63
24409,0.37
17128,0.51
30628,0.12
5731,0.02
25283,0.19
15004,0.09
2994,0.01
31138,0.1
3209,0.08
24874,0.58
27326,0.15
31042,0.32
19612,0.57
1598,0.1
32182,0.13
1448,0.26
12862,0.45
3523,0.3
25407,0.03
25869,0.18
25911,0.13
20140,0.57
9612,0.14
1975,0.12
30360,0.55
11464,0.86
18206,0.21
26044,0.1
17104,0.06
27457,0.1
33195,0.29
27259,0.05
13950,0.03
33350,0.36
4461,0.15
14955,0.12
26906,0.16
17398,0.34
24200,0.13
17354,0.1
21941,0.11
11577,0.25
5330,0.54
32292,0.69
7686,0.72
14825,0.12
33092,0.5
27723,0.09
8880,0.51
9964,0.17
24440,0.15
26916,0.09
15082,0.12
29933,0.48
16669,0.13
32293,0.07
28659,0.08
7291,0.06
16874,0.09
27029,0.03
19688,0.28
6973,0.07
17089,0.38
9408,0.33
13289,0.1
10399,0.01
883,0.18
27436,0.64
20405,0.58
2545,0.46
7609,0.14
13219,0.17
27129,0.1
5929,0.05
23712,0.25
2407,0.02
1005,0.17
32119,0.01
20015,0.09
31901,0.06
6007,0.01
14322,0.55
28168,0.11
26333,0.63
8094,0.69
24857,0.5
1215,0.07
21755,0.6
21862,0.08
12133,0.06
32223,0.28
3080,0.16
32345,0.12
2256,0.13
25917,0.64
22662,0.04
17865,0.07
14877,0.05
27010,0.71
21173,0.2
23212,0.43
13084,0.03
9606,0.07
16616,0.03
13802,0.01
1722,0.3
13489,0.17
17948,0.01
11409,0.06
22612,0.55
33138,0.0
5398,0.72
3497,0.03
26149,0.39
27340,0.2
5251,0.75
9893,0.43
17590,0.04
16784,0.03
25198,0.12
8677,0.07
26476,0.22
28633,0.53
15343,0.16
27804,0.52
12591,0.11
6219,0.36
21118,0.15
27132,0.33
18639,0.6
18887,0.1
5196,0.08
1364,0.08
23096,0.24
19192,0.63
9877,0.09
18877,0.22
8388,0.13
23399,0.16
20012,0.04
5051,0.2
32953,0.23
23502,0.7
8697,0.09
9220,0.22
22899,0.09
22898,0.02
246,0.11
15199,0.14
48,0.11
22196,0.13
7916,0.15
29999,0.14
9818,0.06
27069,0.22
21701,0.3
26973,0.02
33360,0.36
2385,0.08
16027,0.06
12073,0.47
31407,0.07
24182,0.16
22833,0.13
22649,0.16
15174,0.03
25875,0.48
29737,0.09
15422,0.64
21796,0.03
9939,0.04
32816,0.34
2267,0.06
23945,0.07
30423,0.23
5218,0.01
21200,0.18
20387,0.7
8925,0.22
25636,0.45
16534,0.17
27789,0.67
7917,0.15
2669,0.24
14959,0.18
16806,0.04
21507,0.12
10283,0.42
24177,0.15
19759,0.85
6269,0.14
9898,0.09
9605,0.02
30126,0.17
1305,0.13
22688,0.52
24258,0.56
30411,0.02
21585,0.55
15656,0.15
24209,0.13
23299,0.08
16897,0.52
13625,0.12
21284,0.1
20396,0.16
11889,0.13
32331,0.09
12762,0.06
4651,0.32
19958,0.16
20061,0.28
20221,0.06
6079,0.16
22980,0.65
28067,0.16
6327,0.01
26375,0.21
13303,0.19
31573,0.4
33131,0.24
10494,0.0
30415,0.63
5022,0.4
29443,0.02
6810,0.6
1501,0.24
29875,0.06
15872,0.32
30041,0.41
5979,0.45
10274,0.14
20075,0.23
8244,0.35
20330,0.16
4753,0.06
4848,0.1
30229,0.12
18892,0.06
24473,0.03
21716,0.23
23119,0.04
27084,0.48
17572,0.67
20818,0.26
17618,0.23
32271,0.53
28509,0.78
31850,0.08
14637,0.03
20320,0.47
22262,0.32
31383,0.16
11335,0.03
14151,0.67
31526,0.26
15609,0.16
3002,0.18
11971,0.3
10408,0.73
8541,0.27
18294,0.19
11073,0.25
12153,0.17
8993,0.68
4348,0.08
3035,0.04
23179,0.05
17937,0.53
15334,0.1
31023,0.43
19497,0.06
20434,0.07
8632,0.21
26123,0.05
16978,0.05
30476,0.13
1907,0.09
17023,0.08
32583,0.11
22235,0.04
14761,0.42
1988,0.06
18269,0.23
5373,0.09
14954,0.18
12692,0.59
31221,0.85
3744,0.04
